SN,title,description,review,rating,price_euro,price_usd,color,basic_color,gender,imageUrl,brand,composition,rayon,nylon,spandex,acrylic,polyester,cupro,modal,lyocell,cotton,linen,wool,silk
1,Jane Premium t-shirt,"Our premium T-shirt made from 100% organic Pima cotton is a luxurious all-rounder for every situation, whether for leisure or for work. The slightly fitted design with side vents, a neckline edged with a fine ribbed fabric and a small label at the hem is classically subtle and can be worn with a wide range of outfits. Pima cotton is particularly fine and comfortable - experience a truly special level of comfort and an exceptional look.",1,2,29.99,33.89,cameo blue,blue,women,https://www.livingcrafts.de/file/thumb/shop/extrapicture/63885/5_sizeby_exact_sizewidth_1400_sizeheight_1400.jpg,Living Craft,100 % Cotton (organic),0,0,0,0,0,0,0,0,1,0,0,0
2,Jane Premium t-shirt,"Our premium T-shirt made from 100% organic Pima cotton is a luxurious all-rounder for every situation, whether for leisure or for work. The slightly fitted design with side vents, a neckline edged with a fine ribbed fabric and a small label at the hem is classically subtle and can be worn with a wide range of outfits. Pima cotton is particularly fine and comfortable - experience a truly special level of comfort and an exceptional look.",1,2,29.99,33.89,taupe,gray,women,https://www.livingcrafts.de/file/thumb/shop/extrapicture/63885/4_sizeby_exact_sizewidth_1400_sizeheight_1400.jpg,Living Craft,100 % Cotton (organic),0,0,0,0,0,0,0,0,1,0,0,0
3,Jane Premium t-shirt,"Our premium T-shirt made from 100% organic Pima cotton is a luxurious all-rounder for every situation, whether for leisure or for work. The slightly fitted design with side vents, a neckline edged with a fine ribbed fabric and a small label at the hem is classically subtle and can be worn with a wide range of outfits. Pima cotton is particularly fine and comfortable - experience a truly special level of comfort and an exceptional look.",1,2,29.99,33.89,vocalno,black,women,https://www.livingcrafts.de/file/thumb/shop/extrapicture/63885/3_sizeby_exact_sizewidth_1400_sizeheight_1400.jpg,Living Craft,100 % Cotton (organic),0,0,0,0,0,0,0,0,1,0,0,0
4,Jane Premium t-shirt,"Our premium T-shirt made from 100% organic Pima cotton is a luxurious all-rounder for every situation, whether for leisure or for work. The slightly fitted design with side vents, a neckline edged with a fine ribbed fabric and a small label at the hem is classically subtle and can be worn with a wide range of outfits. Pima cotton is particularly fine and comfortable - experience a truly special level of comfort and an exceptional look.",1,2,29.99,33.89,white,white,women,https://www.livingcrafts.de/file/thumb/shop/extrapicture/63885/2_sizeby_exact_sizewidth_1400_sizeheight_1400.jpg,Living Craft,100 % Cotton (organic),0,0,0,0,0,0,0,0,1,0,0,0
5,FRIEDA T-shirt,"Up close - the argument for certified natural fashion is obvious: A sustainable manufacturing process in accordance with high socio-ecological standards. The argument for high-quality organic cotton, however, is on your skin: The pure material in high-grade single jersey quality (120 g/m²) gives you pleasant wearing comfort. The slightly fitted women's cut provides for room to move, the crew neck of the durable organic shirt comes with a ribbed cuff. Regular fit.",5,3,12.99,14.68,azur,blue,women,https://www.livingcrafts.de/file/thumb/shop/extrapicture/63865/6_sizeby_exact_sizewidth_1400_sizeheight_1400.jpg,Living Craft,100 % Cotton (organic),0,0,0,0,0,0,0,0,1,0,0,0
6,FRIEDA T-shirt,"Up close - the argument for certified natural fashion is obvious: A sustainable manufacturing process in accordance with high socio-ecological standards. The argument for high-quality organic cotton, however, is on your skin: The pure material in high-grade single jersey quality (120 g/m²) gives you pleasant wearing comfort. The slightly fitted women's cut provides for room to move, the crew neck of the durable organic shirt comes with a ribbed cuff. Regular fit.",5,3,12.99,14.68,black,black,women,https://www.livingcrafts.de/file/thumb/shop/extrapicture/63865/2_sizeby_exact_sizewidth_1400_sizeheight_1400.jpg,Living Craft,100 % Cotton (organic),0,0,0,0,0,0,0,0,1,0,0,0
7,FRIEDA T-shirt,"Up close - the argument for certified natural fashion is obvious: A sustainable manufacturing process in accordance with high socio-ecological standards. The argument for high-quality organic cotton, however, is on your skin: The pure material in high-grade single jersey quality (120 g/m²) gives you pleasant wearing comfort. The slightly fitted women's cut provides for room to move, the crew neck of the durable organic shirt comes with a ribbed cuff. Regular fit.",5,3,12.99,14.68,hortensia,gray,women,https://www.livingcrafts.de/file/thumb/shop/extrapicture/63865/7_sizeby_exact_sizewidth_1400_sizeheight_1400.jpg,Living Craft,100 % Cotton (organic),0,0,0,0,0,0,0,0,1,0,0,0
8,FRIEDA T-shirt,"Up close - the argument for certified natural fashion is obvious: A sustainable manufacturing process in accordance with high socio-ecological standards. The argument for high-quality organic cotton, however, is on your skin: The pure material in high-grade single jersey quality (120 g/m²) gives you pleasant wearing comfort. The slightly fitted women's cut provides for room to move, the crew neck of the durable organic shirt comes with a ribbed cuff. Regular fit.",5,3,12.99,14.68,mimosa,yellow,women,https://www.livingcrafts.de/file/thumb/shop/extrapicture/63865/9_sizeby_exact_sizewidth_1400_sizeheight_1400.jpg,Living Craft,100 % Cotton (organic),0,0,0,0,0,0,0,0,1,0,0,0
9,FRIEDA T-shirt,"Up close - the argument for certified natural fashion is obvious: A sustainable manufacturing process in accordance with high socio-ecological standards. The argument for high-quality organic cotton, however, is on your skin: The pure material in high-grade single jersey quality (120 g/m²) gives you pleasant wearing comfort. The slightly fitted women's cut provides for room to move, the crew neck of the durable organic shirt comes with a ribbed cuff. Regular fit.",5,3,12.99,14.68,navy,blue,women,https://www.livingcrafts.de/file/thumb/shop/extrapicture/63865/4_sizeby_exact_sizewidth_1400_sizeheight_1400.jpg,Living Craft,100 % Cotton (organic),0,0,0,0,0,0,0,0,1,0,0,0
10,FRIEDA T-shirt,"Up close - the argument for certified natural fashion is obvious: A sustainable manufacturing process in accordance with high socio-ecological standards. The argument for high-quality organic cotton, however, is on your skin: The pure material in high-grade single jersey quality (120 g/m²) gives you pleasant wearing comfort. The slightly fitted women's cut provides for room to move, the crew neck of the durable organic shirt comes with a ribbed cuff. Regular fit.",5,3,12.99,14.68,orange peel,orange,women,https://www.livingcrafts.de/file/thumb/shop/extrapicture/63865/8_sizeby_exact_sizewidth_1400_sizeheight_1400.jpg,Living Craft,100 % Cotton (organic),0,0,0,0,0,0,0,0,1,0,0,0
11,FRIEDA T-shirt,"Up close - the argument for certified natural fashion is obvious: A sustainable manufacturing process in accordance with high socio-ecological standards. The argument for high-quality organic cotton, however, is on your skin: The pure material in high-grade single jersey quality (120 g/m²) gives you pleasant wearing comfort. The slightly fitted women's cut provides for room to move, the crew neck of the durable organic shirt comes with a ribbed cuff. Regular fit.",5,3,12.99,14.68,raspberry,pink,women,https://www.livingcrafts.de/file/thumb/shop/extrapicture/63865/5_sizeby_exact_sizewidth_1400_sizeheight_1400.jpg,Living Craft,100 % Cotton (organic),0,0,0,0,0,0,0,0,1,0,0,0
12,FRIEDA T-shirt,"Up close - the argument for certified natural fashion is obvious: A sustainable manufacturing process in accordance with high socio-ecological standards. The argument for high-quality organic cotton, however, is on your skin: The pure material in high-grade single jersey quality (120 g/m²) gives you pleasant wearing comfort. The slightly fitted women's cut provides for room to move, the crew neck of the durable organic shirt comes with a ribbed cuff. Regular fit.",5,3,12.99,14.68,white,white,women,https://www.livingcrafts.de/file/thumb/shop/extrapicture/63865/3_sizeby_exact_sizewidth_1400_sizeheight_1400.jpg,Living Craft,100 % Cotton (organic),0,0,0,0,0,0,0,0,1,0,0,0
13,KATHRIN T-shirt,"The casual cut, the flowing fit, and the sophisticated shoulder section combine to a summery top that is much more than just a T-shirt. This versatile garment always leaves a great impression, whether it is worn for leisure activities or as part of a more formal outfit. The organic cotton and viscose (peppermint) fabric offers great wearer comfort in warm summer weather.",1,5,49.99,56.49,tobacco,brown,women,https://www.livingcrafts.de/file/thumb/shop/extrapicture/68517/3_sizeby_exact_sizewidth_1400_sizeheight_1400.jpg,Living Craft,70 % cotton (organic); 30% viscose (peppermint),0.3,0,0,0,0,0,0,0,0.7,0,0,0
14,KATHRIN T-shirt,"The casual cut, the flowing fit, and the sophisticated shoulder section combine to a summery top that is much more than just a T-shirt. This versatile garment always leaves a great impression, whether it is worn for leisure activities or as part of a more formal outfit. The organic cotton and viscose (peppermint) fabric offers great wearer comfort in warm summer weather.",1,5,49.99,56.49,black,black,women,https://www.livingcrafts.de/file/thumb/shop/extrapicture/68517/2_sizeby_exact_sizewidth_1400_sizeheight_1400.jpg,Living Craft,70 % cotton (organic); 30% viscose (peppermint),0.3,0,0,0,0,0,0,0,0.7,0,0,0
15,INGRIDA T-shirt,"
A practical companion for sports and leisure: this T-shirt in an innovative material blend with environmentally-friendly bamboo fibres, is breathable, anti-bacterial and softly flowing. The sporty stitching, side slits and rounded hem make it perfect for fitness and training gear as they allow total freedom of movement in sports activities. The sports top also has a V-neck and raglan sleeves. Exercise is fun.",0,0,24.99,28.24,blush,red,women,https://www.livingcrafts.de/file/thumb/shop/extrapicture/68512/2_sizeby_exact_sizewidth_1400_sizeheight_1400.jpg,Living Craft,52 % cotton (organic); 48 % viscose (bamboo),0.48,0,0,0,0,0,0,0,0.52,0,0,0
16,INGRIDA T-shirt,"
A practical companion for sports and leisure: this T-shirt in an innovative material blend with environmentally-friendly bamboo fibres, is breathable, anti-bacterial and softly flowing. The sporty stitching, side slits and rounded hem make it perfect for fitness and training gear as they allow total freedom of movement in sports activities. The sports top also has a V-neck and raglan sleeves. Exercise is fun.",0,0,24.99,28.24,aqua,blue,women,https://www.livingcrafts.de/file/thumb/shop/extrapicture/68512/1_sizeby_exact_sizewidth_1400_sizeheight_1400.jpg,Living Craft,52 % cotton (organic); 48 % viscose (bamboo),0.48,0,0,0,0,0,0,0,0.52,0,0,0
17,ALEXANDRA T-shirt,"Natural, irregular slub yarn, that falls loosely and airy and a narrow twisted trim at the neckline give this casual T-shirt made of pure organic cotton that certain extra. The feminine cut of this women's shirt is soft on your skin and provides for an ideal fit. And everything comes from a single source: The slub shirt is dyed, knitted and tailored in the EU.",5,4,19.99,22.59,black,black,women,https://www.livingcrafts.de/file/thumb/shop/article/63842/52_sizeby_exact_sizewidth_1400_sizeheight_1400.jpg,Living Craft,100 % Cotton (organic),0,0,0,0,0,0,0,0,1,0,0,0
18,ALEXANDRA T-shirt,"Natural, irregular slub yarn, that falls loosely and airy and a narrow twisted trim at the neckline give this casual T-shirt made of pure organic cotton that certain extra. The feminine cut of this women's shirt is soft on your skin and provides for an ideal fit. And everything comes from a single source: The slub shirt is dyed, knitted and tailored in the EU.",5,4,19.99,22.59,white,white,women,https://www.livingcrafts.de/file/thumb/shop/extrapicture/63842/8_sizeby_exact_sizewidth_1400_sizeheight_1400.jpg,Living Craft,100 % Cotton (organic),0,0,0,0,0,0,0,0,1,0,0,0
19,ALEXANDRA T-shirt,"Natural, irregular slub yarn, that falls loosely and airy and a narrow twisted trim at the neckline give this casual T-shirt made of pure organic cotton that certain extra. The feminine cut of this women's shirt is soft on your skin and provides for an ideal fit. And everything comes from a single source: The slub shirt is dyed, knitted and tailored in the EU.",5,4,19.99,22.59,coral,orange,women,https://www.livingcrafts.de/file/thumb/shop/extrapicture/63842/4_sizeby_exact_sizewidth_1400_sizeheight_1400.jpg,Living Craft,100 % Cotton (organic),0,0,0,0,0,0,0,0,1,0,0,0
20,ALEXANDRA T-shirt,"Natural, irregular slub yarn, that falls loosely and airy and a narrow twisted trim at the neckline give this casual T-shirt made of pure organic cotton that certain extra. The feminine cut of this women's shirt is soft on your skin and provides for an ideal fit. And everything comes from a single source: The slub shirt is dyed, knitted and tailored in the EU.",5,4,19.99,22.59,sun,yellow,women,https://www.livingcrafts.de/file/thumb/shop/extrapicture/63842/13_sizeby_exact_sizewidth_1400_sizeheight_1400.jpg,Living Craft,100 % Cotton (organic),0,0,0,0,0,0,0,0,1,0,0,0
21,ISALINE T-shirt,This playfully sophisticated T-shirt in a pleasantly light material blend are just perfect for the summer. The V-neck with flat pleat and the back yoke with gathering give the top a touch of feminine sparkle. It has a slightly rounded hem and creates a stunningly feminine silhouette. This blend of purely natural fibres whets the appetite for eco-organic fashion and has the potential to become highly addictive.,0,0,29.99,33.89,coral,orange,women,https://www.livingcrafts.de/file/thumb/shop/extrapicture/63881/2_sizeby_exact_sizewidth_1400_sizeheight_1400.jpg,Living Craft,70 % Cotton (organic); 30 % Hemp,0.3,0,0,0,0,0,0,0,0.7,0,0,0
22,ISALINE T-shirt,This playfully sophisticated T-shirt in a pleasantly light material blend are just perfect for the summer. The V-neck with flat pleat and the back yoke with gathering give the top a touch of feminine sparkle. It has a slightly rounded hem and creates a stunningly feminine silhouette. This blend of purely natural fibres whets the appetite for eco-organic fashion and has the potential to become highly addictive.,0,0,29.99,33.89,khaki,green,women,https://www.livingcrafts.de/file/thumb/shop/extrapicture/63881/3_sizeby_exact_sizewidth_1400_sizeheight_1400.jpg,Living Craft,70 % Cotton (organic); 30 % Hemp,0.3,0,0,0,0,0,0,0,0.7,0,0,0
23,GILKA T-shirt,"Ready for summer? With this lightweight T-shirt made from 100% organic linen, hot days are no longer a problem. The linen fabric regulates temperature and humidity pleasantly and has a cooling effect on the skin. The playful cowl neck, slightly dropped shoulders and small side slits make this T-shirt a highlight in any wardrobe. This summery top is the perfect balance between cool style and sustainable awareness.",1,5,44.99,50.84,poppy,red,women,https://www.livingcrafts.de/file/thumb/shop/extrapicture/66633/7_sizeby_exact_sizewidth_1400_sizeheight_1400.jpg,Living Craft,100 % Linen (organic),0,0,0,0,0,0,0,0,0,1,0,0
24,GILKA T-shirt,"Ready for summer? With this lightweight T-shirt made from 100% organic linen, hot days are no longer a problem. The linen fabric regulates temperature and humidity pleasantly and has a cooling effect on the skin. The playful cowl neck, slightly dropped shoulders and small side slits make this T-shirt a highlight in any wardrobe. This summery top is the perfect balance between cool style and sustainable awareness.",1,5,44.99,50.84,amazonas,green,women,https://www.livingcrafts.de/file/thumb/shop/extrapicture/66633/1_sizeby_exact_sizewidth_1400_sizeheight_1400.jpg,Living Craft,100 % Linen (organic),0,0,0,0,0,0,0,0,0,1,0,0
25,GILKA T-shirt,"Ready for summer? With this lightweight T-shirt made from 100% organic linen, hot days are no longer a problem. The linen fabric regulates temperature and humidity pleasantly and has a cooling effect on the skin. The playful cowl neck, slightly dropped shoulders and small side slits make this T-shirt a highlight in any wardrobe. This summery top is the perfect balance between cool style and sustainable awareness.",1,5,44.99,50.84,fern,green,women,https://www.livingcrafts.de/file/thumb/shop/extrapicture/66633/5_sizeby_exact_sizewidth_1400_sizeheight_1400.jpg,Living Craft,100 % Linen (organic),0,0,0,0,0,0,0,0,0,1,0,0
26,GILKA T-shirt,"Ready for summer? With this lightweight T-shirt made from 100% organic linen, hot days are no longer a problem. The linen fabric regulates temperature and humidity pleasantly and has a cooling effect on the skin. The playful cowl neck, slightly dropped shoulders and small side slits make this T-shirt a highlight in any wardrobe. This summery top is the perfect balance between cool style and sustainable awareness.",1,5,44.99,50.84,moonlight blue,blue,women,https://www.livingcrafts.de/file/thumb/shop/extrapicture/66633/6_sizeby_exact_sizewidth_1400_sizeheight_1400.jpg,Living Craft,100 % Linen (organic),0,0,0,0,0,0,0,0,0,1,0,0
27,GILKA T-shirt,"Ready for summer? With this lightweight T-shirt made from 100% organic linen, hot days are no longer a problem. The linen fabric regulates temperature and humidity pleasantly and has a cooling effect on the skin. The playful cowl neck, slightly dropped shoulders and small side slits make this T-shirt a highlight in any wardrobe. This summery top is the perfect balance between cool style and sustainable awareness.",1,5,44.99,50.84,raspberry,pink,women,https://www.livingcrafts.de/file/thumb/shop/extrapicture/66633/4_sizeby_exact_sizewidth_1400_sizeheight_1400.jpg,Living Craft,100 % Linen (organic),0,0,0,0,0,0,0,0,0,1,0,0
28,GILKA T-shirt,"The best mother nature has to offer - T-shirt made from a high-quality blend of organic linen and organic cotton, from a certified organic cultivation. The high percentage of linen makes the fabric breathable and regulates the temperature. The fabric lets any moisture escape and has a cooling effect on the skin. The cowl neck, slightly dropped shoulders and side slits make this T-shirt a real gem.",5,4,24.99,28.24,white/stripe,white,women,https://www.livingcrafts.de/file/thumb/shop/extrapicture/66628/8_sizeby_exact_sizewidth_1400_sizeheight_1400.jpg,Living Craft,61 % Linen (organic); 39 % Cotton (organic),0,0,0,0,0,0,0,0,0.39,0.61,0,0
29,IDONY T-shirt,"This unbeatably comfortable, soft T-shirt is the perfect basis for countless styling combinations. The crew neck top has narrow set-in sleeves, small sleeve turn-ups and side slits. This T-shirt is a winner mainly due to its intrinsic qualities, as it is made from sustainable bamboo viscose. The soft material ensures that the garment hangs well and is superbly comfortable.",1,5,19.99,22.59,black,black,women,https://www.livingcrafts.de/file/thumb/shop/extrapicture/68508/4_sizeby_exact_sizewidth_1400_sizeheight_1400.jpg,Living Craft,52 % cotton (organic); 48 % viscose (bamboo),0.48,0,0,0,0,0,0,0,0.52,0,0,0
30,IDONY T-shirt,"This unbeatably comfortable, soft T-shirt is the perfect basis for countless styling combinations. The crew neck top has narrow set-in sleeves, small sleeve turn-ups and side slits. This T-shirt is a winner mainly due to its intrinsic qualities, as it is made from sustainable bamboo viscose. The soft material ensures that the garment hangs well and is superbly comfortable.",1,5,19.99,22.59,ink blue,blue,women,https://www.livingcrafts.de/file/thumb/shop/extrapicture/68508/3_sizeby_exact_sizewidth_1400_sizeheight_1400.jpg,Living Craft,52 % cotton (organic); 48 % viscose (bamboo),0.48,0,0,0,0,0,0,0,0.52,0,0,0
31,IDONY T-shirt,"This unbeatably comfortable, soft T-shirt is the perfect basis for countless styling combinations. The crew neck top has narrow set-in sleeves, small sleeve turn-ups and side slits. This T-shirt is a winner mainly due to its intrinsic qualities, as it is made from sustainable bamboo viscose. The soft material ensures that the garment hangs well and is superbly comfortable.",1,5,19.99,22.59,white/stripe,white,women,https://www.livingcrafts.de/file/thumb/shop/extrapicture/68508/1_sizeby_exact_sizewidth_1400_sizeheight_1400.jpg,Living Craft,52 % cotton (organic); 48 % viscose (bamboo),0.48,0,0,0,0,0,0,0,0.52,0,0,0
32,ISABELLA T-shirt,"Spring is finally in the air once again, bringing more colour with it! The right wow effect is created by the colour gradient print on the T-shirt. The discreet cowl neck is particularly attractive. The T-shirt has side slits. That is not all, as this T-shirt was produced using pure organic cotton. Environmentally-friendly material and fair production create a great style with a green soul. This T-shirt really gives us that spring feeling once more.",0,0,24.99,28.24,blue/lagoon,blue,women,https://www.livingcrafts.de/file/thumb/shop/extrapicture/63882/2_sizeby_exact_sizewidth_1400_sizeheight_1400.jpg,Living Craft,100 % Cotton (organic),0,0,0,0,0,0,0,0,1,0,0,0
33,ISABELLA T-shirt,"Spring is finally in the air once again, bringing more colour with it! The right wow effect is created by the colour gradient print on the T-shirt. The discreet cowl neck is particularly attractive. The T-shirt has side slits. That is not all, as this T-shirt was produced using pure organic cotton. Environmentally-friendly material and fair production create a great style with a green soul. This T-shirt really gives us that spring feeling once more.",0,0,24.99,28.24,raspberry/coral,red,women,https://www.livingcrafts.de/file/thumb/shop/extrapicture/63882/1_sizeby_exact_sizewidth_1400_sizeheight_1400.jpg,Living Craft,100 % Cotton (organic),0,0,0,0,0,0,0,0,1,0,0,0
34,JIM Premium T-shirt,"Not all cottons are created equal: a garment made from Pima cotton is a truly special luxury. This T-shirt made from 100% organic Pima cotton feels noticeably finer and softer than normal cotton fabric. Our attractive design, featuring a small chest pocket, a neckline edged with a fine ribbed fabric and a label at the seam, combines with careful workmanship to create a T-shirt that can meet very special requirements. A smart, casual garment for every situation in life.",0,0,29.99,33.89,cameo blue,blue,men,https://www.livingcrafts.de/file/thumb/shop/extrapicture/63779/4_sizeby_exact_sizewidth_1400_sizeheight_1400.jpg,Living Craft,100 % Cotton (organic),0,0,0,0,0,0,0,0,1,0,0,0
35,JIM Premium T-shirt,"Not all cottons are created equal: a garment made from Pima cotton is a truly special luxury. This T-shirt made from 100% organic Pima cotton feels noticeably finer and softer than normal cotton fabric. Our attractive design, featuring a small chest pocket, a neckline edged with a fine ribbed fabric and a label at the seam, combines with careful workmanship to create a T-shirt that can meet very special requirements. A smart, casual garment for every situation in life.",0,0,29.99,33.89,taupe,gray,men,https://www.livingcrafts.de/file/thumb/shop/extrapicture/63779/6_sizeby_exact_sizewidth_1400_sizeheight_1400.jpg,Living Craft,100 % Cotton (organic),0,0,0,0,0,0,0,0,1,0,0,0
36,JIM Premium T-shirt,"Not all cottons are created equal: a garment made from Pima cotton is a truly special luxury. This T-shirt made from 100% organic Pima cotton feels noticeably finer and softer than normal cotton fabric. Our attractive design, featuring a small chest pocket, a neckline edged with a fine ribbed fabric and a label at the seam, combines with careful workmanship to create a T-shirt that can meet very special requirements. A smart, casual garment for every situation in life.",0,0,29.99,33.89,vocalno,black,men,https://www.livingcrafts.de/file/thumb/shop/extrapicture/63779/3_sizeby_exact_sizewidth_1400_sizeheight_1400.jpg,Living Craft,100 % Cotton (organic),0,0,0,0,0,0,0,0,1,0,0,0
37,JIM Premium T-shirt,"Not all cottons are created equal: a garment made from Pima cotton is a truly special luxury. This T-shirt made from 100% organic Pima cotton feels noticeably finer and softer than normal cotton fabric. Our attractive design, featuring a small chest pocket, a neckline edged with a fine ribbed fabric and a label at the seam, combines with careful workmanship to create a T-shirt that can meet very special requirements. A smart, casual garment for every situation in life.",0,0,29.99,33.89,white,white,men,https://www.livingcrafts.de/file/thumb/shop/extrapicture/63779/2_sizeby_exact_sizewidth_1400_sizeheight_1400.jpg,Living Craft,100 % Cotton (organic),0,0,0,0,0,0,0,0,1,0,0,0
38,"FABIAN T-shirt, pack of 2","Twice as good: The plain T-shirt made of pure and durable organic cotton comes in a convenient pack of 2. Thanks to the round and elastic neckline, the shirt is particularly comfortable. And combined with FRANK, the ecological longsleeve, the men's wardrobe seems to be complete. In a word: The fair men's shirt is thought out sustainably and is an essential basic. Lightweight shirt in 120 g/m². Additional colours available as 63774 ILKO.",1,5,24.99,28.24,black,black,men,https://www.livingcrafts.de/file/thumb/shop/extrapicture/63756V/2_sizeby_exact_sizewidth_1400_sizeheight_1400.jpg,Living Craft,100 % Cotton (organic),0,0,0,0,0,0,0,0,1,0,0,0
39,"FABIAN T-shirt, pack of 2","Twice as good: The plain T-shirt made of pure and durable organic cotton comes in a convenient pack of 2. Thanks to the round and elastic neckline, the shirt is particularly comfortable. And combined with FRANK, the ecological longsleeve, the men's wardrobe seems to be complete. In a word: The fair men's shirt is thought out sustainably and is an essential basic. Lightweight shirt in 120 g/m². Additional colours available as 63774 ILKO.",1,5,24.99,28.24,natural melange,off white,men,https://www.livingcrafts.de/file/thumb/shop/extrapicture/63756V/7_sizeby_exact_sizewidth_555_sizeheight_555.jpg,Living Craft,100 % Cotton (organic),0,0,0,0,0,0,0,0,1,0,0,0
40,"FABIAN T-shirt, pack of 2","Twice as good: The plain T-shirt made of pure and durable organic cotton comes in a convenient pack of 2. Thanks to the round and elastic neckline, the shirt is particularly comfortable. And combined with FRANK, the ecological longsleeve, the men's wardrobe seems to be complete. In a word: The fair men's shirt is thought out sustainably and is an essential basic. Lightweight shirt in 120 g/m². Additional colours available as 63774 ILKO.",1,5,24.99,28.24,navy,blue,men,https://www.livingcrafts.de/file/thumb/shop/extrapicture/63756V/3_sizeby_exact_sizewidth_1400_sizeheight_1400.jpg,Living Craft,100 % Cotton (organic),0,0,0,0,0,0,0,0,1,0,0,0
41,"FABIAN T-shirt, pack of 2","Twice as good: The plain T-shirt made of pure and durable organic cotton comes in a convenient pack of 2. Thanks to the round and elastic neckline, the shirt is particularly comfortable. And combined with FRANK, the ecological longsleeve, the men's wardrobe seems to be complete. In a word: The fair men's shirt is thought out sustainably and is an essential basic. Lightweight shirt in 120 g/m². Additional colours available as 63774 ILKO.",1,5,24.99,28.24,stone grey,gray,men,https://www.livingcrafts.de/file/thumb/shop/extrapicture/63756V/6_sizeby_exact_sizewidth_1400_sizeheight_1400.jpg,Living Craft,100 % Cotton (organic),0,0,0,0,0,0,0,0,1,0,0,0
42,"FABIAN T-shirt, pack of 2","Twice as good: The plain T-shirt made of pure and durable organic cotton comes in a convenient pack of 2. Thanks to the round and elastic neckline, the shirt is particularly comfortable. And combined with FRANK, the ecological longsleeve, the men's wardrobe seems to be complete. In a word: The fair men's shirt is thought out sustainably and is an essential basic. Lightweight shirt in 120 g/m². Additional colours available as 63774 ILKO.",1,5,24.99,28.24,white,white,men,https://www.livingcrafts.de/file/thumb/shop/extrapicture/63756V/4_sizeby_exact_sizewidth_1400_sizeheight_1400.jpg,Living Craft,100 % Cotton (organic),0,0,0,0,0,0,0,0,1,0,0,0
43,"DEAN T-shirt, pack of 2",Men's V-neck shirt from pure organic cotton in a convenient twin-pack at a special price. Made of rib jersey in breathable organic cotton quality. Nice to wear underneath shirts and pullovers thanks to a cut slightly fitted at the waist and the narrow and lower V-neck.,9,3,29.99,33.89,white,white,men,https://www.livingcrafts.de/file/thumb/shop/extrapicture/20204/2_sizeby_exact_sizewidth_1400_sizeheight_1400.jpg,Living Craft,100 % Cotton (organic),0,0,0,0,0,0,0,0,1,0,0,0
44,"DEAN T-shirt, pack of 2",Men's V-neck shirt from pure organic cotton in a convenient twin-pack at a special price. Made of rib jersey in breathable organic cotton quality. Nice to wear underneath shirts and pullovers thanks to a cut slightly fitted at the waist and the narrow and lower V-neck.,9,3,29.99,33.89,grey melange,gray,men,https://www.livingcrafts.de/file/thumb/shop/extrapicture/20204/3_sizeby_exact_sizewidth_1400_sizeheight_1400.jpg,Living Craft,100 % Cotton (organic),0,0,0,0,0,0,0,0,1,0,0,0
45,"DEAN T-shirt, pack of 2",Men's V-neck shirt from pure organic cotton in a convenient twin-pack at a special price. Made of rib jersey in breathable organic cotton quality. Nice to wear underneath shirts and pullovers thanks to a cut slightly fitted at the waist and the narrow and lower V-neck.,9,3,29.99,33.89,black,black,men,https://www.livingcrafts.de/file/thumb/shop/extrapicture/20204/4_sizeby_exact_sizewidth_1400_sizeheight_1400.jpg,Living Craft,100 % Cotton (organic),0,0,0,0,0,0,0,0,1,0,0,0
46,KENNETH T-Shirt,"This stylish T-shirt has an impressively refined design and contemporary fit. The inside chest pocket is attached using a discreet coverstitch, which adds a lovely detail on the outside, along with the slightly stronger felled seam at chest height. The mouliné fabric is slightly textured and uneven in colour, which gives it a luxurious appearance and creates the perfect finish for a very special summer T-shirt, which looks always amazing, be it with shorts or worn with a suit jacket.",0,0,49.99,56.49,reed,gray,men,https://www.livingcrafts.de/file/thumb/shop/extrapicture/63781/4_sizeby_exact_sizewidth_555_sizeheight_555.jpg,Living Craft,80 % cotton (organic); 20 % linen,0,0,0,0,0,0,0,0,0.8,0.2,0,0
47,KENNETH T-Shirt,"This stylish T-shirt has an impressively refined design and contemporary fit. The inside chest pocket is attached using a discreet coverstitch, which adds a lovely detail on the outside, along with the slightly stronger felled seam at chest height. The mouliné fabric is slightly textured and uneven in colour, which gives it a luxurious appearance and creates the perfect finish for a very special summer T-shirt, which looks always amazing, be it with shorts or worn with a suit jacket.",0,0,49.99,56.49,mid blue,blue,men,https://www.livingcrafts.de/file/thumb/shop/extrapicture/63781/2_sizeby_exact_sizewidth_1400_sizeheight_1400.jpg,Living Craft,80 % cotton (organic); 20 % linen,0,0,0,0,0,0,0,0,0.8,0.2,0,0
48,KORNEL T-Shirt,"A casual-fit T-shirt in beautifully fashionable colours, which can be combined with lots of stylish but informal outfits. This summery material blend of organic cotton and viscose (peppermint) is wonderfully soft to wear, even on warm summer days, and it always looks absolutely amazing. A really special shirt, which shows why T-shirts are such a versatile summer classic.",0,0,39.99,45.19,mangrove,green,men,https://www.livingcrafts.de/file/thumb/shop/extrapicture/68516/2_sizeby_exact_sizewidth_1400_sizeheight_1400.jpg,Living Craft,70 % cotton (organic); 30% Viskose (peppermint),0.3,0,0,0,0,0,0,0,0.7,0,0,0
49,KORNEL T-Shirt,"A casual-fit T-shirt in beautifully fashionable colours, which can be combined with lots of stylish but informal outfits. This summery material blend of organic cotton and viscose (peppermint) is wonderfully soft to wear, even on warm summer days, and it always looks absolutely amazing. A really special shirt, which shows why T-shirts are such a versatile summer classic.",0,0,39.99,45.19,tobacco,yellow,men,https://www.livingcrafts.de/file/thumb/shop/extrapicture/68516/1_sizeby_exact_sizewidth_1400_sizeheight_1400.jpg,Living Craft,70 % cotton (organic); 30% Viskose (peppermint),0.3,0,0,0,0,0,0,0,0.7,0,0,0
50,ANDY T-shirt,With this shirt made of flowing and cool linen jersey men don't start to sweat as easily! The temperature equalizing characteristic of linen in combination with the airy and loose cut keeps him pretty cool even on hot days…perfect for leisure time but also suitable for the office! Melange yarn-dyed.,9,3,44.99,50.84,fern,green,men,https://www.livingcrafts.de/file/thumb/shop/extrapicture/66603/22_sizeby_exact_sizewidth_1400_sizeheight_1400.jpg,Living Craft,100 % Linen (organic),0,0,0,0,0,0,0,0,0,1,0,0
51,ANDY T-shirt,With this shirt made of flowing and cool linen jersey men don't start to sweat as easily! The temperature equalizing characteristic of linen in combination with the airy and loose cut keeps him pretty cool even on hot days…perfect for leisure time but also suitable for the office! Melange yarn-dyed.,9,3,44.99,50.84,ink blue,blue,men,https://www.livingcrafts.de/file/thumb/shop/extrapicture/66603/10_sizeby_exact_sizewidth_1400_sizeheight_1400.jpg,Living Craft,100 % Linen (organic),0,0,0,0,0,0,0,0,0,1,0,0
52,ANDY T-shirt,With this shirt made of flowing and cool linen jersey men don't start to sweat as easily! The temperature equalizing characteristic of linen in combination with the airy and loose cut keeps him pretty cool even on hot days…perfect for leisure time but also suitable for the office! Melange yarn-dyed.,9,3,44.99,50.84,olive/natural,gray,men,https://www.livingcrafts.de/file/thumb/shop/extrapicture/66603/17_sizeby_exact_sizewidth_1400_sizeheight_1400.jpg,Living Craft,100 % Linen (organic),0,0,0,0,0,0,0,0,0,1,0,0
53,ANDY T-shirt,With this shirt made of flowing and cool linen jersey men don't start to sweat as easily! The temperature equalizing characteristic of linen in combination with the airy and loose cut keeps him pretty cool even on hot days…perfect for leisure time but also suitable for the office! Melange yarn-dyed.,9,3,44.99,50.84,red clay,red,men,https://www.livingcrafts.de/file/thumb/shop/extrapicture/66603/20_sizeby_exact_sizewidth_1400_sizeheight_1400.jpg,Living Craft,100 % Linen (organic),0,0,0,0,0,0,0,0,0,1,0,0
54,ANDY T-shirt,With this shirt made of flowing and cool linen jersey men don't start to sweat as easily! The temperature equalizing characteristic of linen in combination with the airy and loose cut keeps him pretty cool even on hot days…perfect for leisure time but also suitable for the office! Melange yarn-dyed.,9,3,44.99,50.84,rosso/ink blue,red,men,https://www.livingcrafts.de/file/thumb/shop/extrapicture/66603/14_sizeby_exact_sizewidth_1400_sizeheight_1400.jpg,Living Craft,100 % Linen (organic),0,0,0,0,0,0,0,0,0,1,0,0
55,ANDY T-shirt,With this shirt made of flowing and cool linen jersey men don't start to sweat as easily! The temperature equalizing characteristic of linen in combination with the airy and loose cut keeps him pretty cool even on hot days…perfect for leisure time but also suitable for the office! Melange yarn-dyed.,9,3,44.99,50.84,turquoise/ink blue,blue,men,https://www.livingcrafts.de/file/thumb/shop/extrapicture/66603/18_sizeby_exact_sizewidth_1400_sizeheight_1400.jpg,Living Craft,100 % Linen (organic),0,0,0,0,0,0,0,0,0,1,0,0
56,CLARK T-shirt,In harmony with nature and the environment - a simple T-shirt made of organic cotton jersey. The ribbed cuff at the neck contains 3% elastane so that it sits right and stays in shape.,6,4,18.99,21.46,black,black,men,https://www.livingcrafts.de/file/thumb/shop/article/63713/52_sizeby_exact_sizewidth_1400_sizeheight_1400.jpg,Living Craft,100 % Cotton (organic),0,0,0,0,0,0,0,0,1,0,0,0
57,CLARK T-shirt,In harmony with nature and the environment - a simple T-shirt made of organic cotton jersey. The ribbed cuff at the neck contains 3% elastane so that it sits right and stays in shape.,6,4,18.99,21.46,dark navy,blue,men,https://www.livingcrafts.de/file/thumb/shop/article/63713/93_sizeby_exact_sizewidth_1400_sizeheight_1400.jpg,Living Craft,100 % Cotton (organic),0,0,0,0,0,0,0,0,1,0,0,0
58,CLARK T-shirt,In harmony with nature and the environment - a simple T-shirt made of organic cotton jersey. The ribbed cuff at the neck contains 3% elastane so that it sits right and stays in shape.,6,4,18.99,21.46,grey melange,gray,men,https://www.livingcrafts.de/file/thumb/shop/article/63713/255_sizeby_exact_sizewidth_1400_sizeheight_1400.jpg,Living Craft,100 % Cotton (organic),0,0,0,0,0,0,0,0,1,0,0,0
59,CLARK T-shirt,In harmony with nature and the environment - a simple T-shirt made of organic cotton jersey. The ribbed cuff at the neck contains 3% elastane so that it sits right and stays in shape.,6,4,18.99,21.46,natural,off white,men,https://www.livingcrafts.de/file/thumb/shop/article/63713/01_sizeby_exact_sizewidth_1400_sizeheight_1400.jpg,Living Craft,100 % Cotton (organic),0,0,0,0,0,0,0,0,1,0,0,0
60,CLARK T-shirt,In harmony with nature and the environment - a simple T-shirt made of organic cotton jersey. The ribbed cuff at the neck contains 3% elastane so that it sits right and stays in shape.,6,4,18.99,21.46,white,white,men,https://www.livingcrafts.de/file/thumb/shop/article/63713/11_sizeby_exact_sizewidth_1400_sizeheight_1400.jpg,Living Craft,100 % Cotton (organic),0,0,0,0,0,0,0,0,1,0,0,0
61,ILKO T-shirt,"Anyone who thinks plain-coloured tops are boring, think again! Spring adds colour to the wardrobe. This T-shirt is perfect for every occasion - practical, uncomplicated and with timeless appeal. The round neck T-shirt has elasticated trim around the neck and with a weight of 120 g/m², it is summery-light. It never goes out of fashion and has established itself as a flexible year-round essential garment for men. Basic colours available as a pack of 2 : 63756V FABIAN.",0,0,13.99,15.81,rosso,red,men,https://www.livingcrafts.de/file/thumb/shop/extrapicture/63774/2_sizeby_exact_sizewidth_1400_sizeheight_1400.jpg,Living Craft,100 % Cotton (organic),0,0,0,0,0,0,0,0,1,0,0,0
62,ILKO T-shirt,"Anyone who thinks plain-coloured tops are boring, think again! Spring adds colour to the wardrobe. This T-shirt is perfect for every occasion - practical, uncomplicated and with timeless appeal. The round neck T-shirt has elasticated trim around the neck and with a weight of 120 g/m², it is summery-light. It never goes out of fashion and has established itself as a flexible year-round essential garment for men. Basic colours available as a pack of 2 : 63756V FABIAN.",0,0,13.99,15.81,reef waters,green,men,https://www.livingcrafts.de/file/thumb/shop/extrapicture/63774/4_sizeby_exact_sizewidth_1400_sizeheight_1400.jpg,Living Craft,100 % Cotton (organic),0,0,0,0,0,0,0,0,1,0,0,0
63,ILKO T-shirt,"Anyone who thinks plain-coloured tops are boring, think again! Spring adds colour to the wardrobe. This T-shirt is perfect for every occasion - practical, uncomplicated and with timeless appeal. The round neck T-shirt has elasticated trim around the neck and with a weight of 120 g/m², it is summery-light. It never goes out of fashion and has established itself as a flexible year-round essential garment for men. Basic colours available as a pack of 2 : 63756V FABIAN.",0,0,13.99,15.81,fern,green,men,https://www.livingcrafts.de/file/thumb/shop/extrapicture/63774/3_sizeby_exact_sizewidth_1400_sizeheight_1400.jpg,Living Craft,100 % Cotton (organic),0,0,0,0,0,0,0,0,1,0,0,0
64,GLEN T-shirt,"Step into summer with ecological, sustainable fashion - easy to do with this airy T-shirt with V-neck. The wonderfully uneven texture of the T-shirt is due to the use of pleasantly lightweight slub yarn, in organic, sustainably produced cotton. The result is a casual, cool summer look that is fabulous to wear. Not only is it good for the skin but also the soul, as GLEN scores highly in terms of fairness.",0,0,19.99,22.59,turquoise,blue,men,https://www.livingcrafts.de/file/thumb/shop/extrapicture/63760/4_sizeby_exact_sizewidth_1400_sizeheight_1400.jpg,Living Craft,100 % Cotton (organic),0,0,0,0,0,0,0,0,1,0,0,0
65,IGNACIO T-shirt,"Stripes ahoy! The striped look for lateral thinkers with taste. Once you have been able to appreciate this cool striped T-shirt, you won't want to get rid of it. Where comfort and casual style go hand-in-hand. The basic feature of the T-shirt is the snug-fitting material. It is made from pure organic cotton that is processed to make a firm, rustic slub yarn. The T-shirt has a breast pocket and elasticated fine rib at the crew neck.",0,0,14.99,16.94,ink blue/white,blue,men,https://www.livingcrafts.de/file/thumb/shop/extrapicture/63772/2_sizeby_exact_sizewidth_1400_sizeheight_1400.jpg,Living Craft,100 % Cotton (organic),0,0,0,0,0,0,0,0,1,0,0,0
66,IGNACIO T-shirt,"Stripes ahoy! The striped look for lateral thinkers with taste. Once you have been able to appreciate this cool striped T-shirt, you won't want to get rid of it. Where comfort and casual style go hand-in-hand. The basic feature of the T-shirt is the snug-fitting material. It is made from pure organic cotton that is processed to make a firm, rustic slub yarn. The T-shirt has a breast pocket and elasticated fine rib at the crew neck.",0,0,14.99,16.94,white/ink blue,white,men,https://www.livingcrafts.de/file/thumb/shop/extrapicture/63772/1_sizeby_exact_sizewidth_555_sizeheight_555.jpg,Living Craft,100 % Cotton (organic),0,0,0,0,0,0,0,0,1,0,0,0
67,GORDON T-shirt,"Sustainable and fair right down the line - T-shirt in an airy fabric, with round neck and applied breast pocket with wooden button. The fabric blend makes it pleasant to wear with excellent temperature and moisture-regulating properties. The T-shirt is so soft on the skin that the wearer can feel summer and awaken a desire for warm days.
",3,4,24.99,28.24,apple,yellow,men,https://www.livingcrafts.de/file/thumb/shop/extrapicture/63761/8_sizeby_exact_sizewidth_1400_sizeheight_1400.jpg,Living Craft,70 % Cotton (organic); 30 % Hemp,0.3,0,0,0,0,0,0,0,0.7,0,0,0
68,GORDON T-shirt,"Sustainable and fair right down the line - T-shirt in an airy fabric, with round neck and applied breast pocket with wooden button. The fabric blend makes it pleasant to wear with excellent temperature and moisture-regulating properties. The T-shirt is so soft on the skin that the wearer can feel summer and awaken a desire for warm days.
",3,4,24.99,28.24,light khaki,green,men,https://www.livingcrafts.de/file/thumb/shop/extrapicture/63761/6_sizeby_exact_sizewidth_1400_sizeheight_1400.jpg,Living Craft,70 % Cotton (organic); 30 % Hemp,0.3,0,0,0,0,0,0,0,0.7,0,0,0
69,HARRY Short-sleeved shirt,"Soft and kind to the skin: short-sleeved vest made of 70% living wool (from controlled biological livestock) and 30% silk. Temperature equalizing, seamless and very comfortable. GOTS certified.",5,4,44.99,50.84,petrol,green,men,https://www.livingcrafts.de/file/thumb/shop/extrapicture/4762/6_sizeby_exact_sizewidth_1400_sizeheight_1400.jpg,Living Craft,70 % Wool (organic); 30 % Silk,0,0,0,0,0,0,0,0,0,0,0.7,0.3
70,HARRY Short-sleeved shirt,"Soft and kind to the skin: short-sleeved vest made of 70% living wool (from controlled biological livestock) and 30% silk. Temperature equalizing, seamless and very comfortable. GOTS certified.",5,4,44.99,50.84,blue ,blue,men,https://www.livingcrafts.de/file/thumb/shop/extrapicture/4762/2_sizeby_exact_sizewidth_1400_sizeheight_1400.jpg,Living Craft,70 % Wool (organic); 30 % Silk,0,0,0,0,0,0,0,0,0,0,0.7,0.3
71,HARRY Short-sleeved shirt,"Soft and kind to the skin: short-sleeved vest made of 70% living wool (from controlled biological livestock) and 30% silk. Temperature equalizing, seamless and very comfortable. GOTS certified.",5,4,44.99,50.84,blue melange,gray,men,https://www.livingcrafts.de/file/thumb/shop/extrapicture/4762/4_sizeby_exact_sizewidth_555_sizeheight_555.jpg,Living Craft,70 % Wool (organic); 30 % Silk,0,0,0,0,0,0,0,0,0,0,0.7,0.3
72,HARRY Short-sleeved shirt,"Soft and kind to the skin: short-sleeved vest made of 70% living wool (from controlled biological livestock) and 30% silk. Temperature equalizing, seamless and very comfortable. GOTS certified.",5,4,44.99,50.84,natural,off white,men,https://www.livingcrafts.de/file/thumb/shop/extrapicture/4762/1_sizeby_exact_sizewidth_1400_sizeheight_1400.jpg,Living Craft,70 % Wool (organic); 30 % Silk,0,0,0,0,0,0,0,0,0,0,0.7,0.3
73,HARRY Short-sleeved shirt,"Soft and kind to the skin: short-sleeved vest made of 70% living wool (from controlled biological livestock) and 30% silk. Temperature equalizing, seamless and very comfortable. GOTS certified.",5,4,44.99,50.84,black,black,men,https://www.livingcrafts.de/file/thumb/shop/extrapicture/4762/3_sizeby_exact_sizewidth_1400_sizeheight_1400.jpg,Living Craft,70 % Wool (organic); 30 % Silk,0,0,0,0,0,0,0,0,0,0,0.7,0.3
,,,,,,,,,,,,,,,,,,,,,,,,
,,,,,,,,,,,,,,,,,,,,,,,,
,,,,,,,,,,,,,,,,,,,,,,,,
,,,,,,,,,,,,,,,,,,,,,,,,
,,,,,,,,,,,,,,,,,,,,,,,,
,,,,,,,,,,,,,,,,,,,,,,,,
,,,,,,,,,,,,,,,,,,,,,,,,
,,,,,,,,,,,,,,,,,,,,,,,,
,,,,,,,,,,,,,,,,,,,,,,,,
,,,,,,,,,,,,,,,,,,,,,,,,
,,,,,,,,,,,,,,,,,,,,,,,,
,,,,,,,,,,,,,,,,,,,,,,,,
,,,,,,,,,,,,,,,,,,,,,,,,
,,,,,,,,,,,,,,,,,,,,,,,,
,,,,,,,,,,,,,,,,,,,,,,,,
,,,,,,,,,,,,,,,,,,,,,,,,
,,,,,,,,,,,,,,,,,,,,,,,,
,,,,,,,,,,,,,,,,,,,,,,,,
,,,,,,,,,,,,,,,,,,,,,,,,
,,,,,,,,,,,,,,,,,,,,,,,,
,,,,,,,,,,,,,,,,,,,,,,,,
,,,,,,,,,,,,,,,,,,,,,,,,
,,,,,,,,,,,,,,,,,,,,,,,,
,,,,,,0.00,,,,,,,,,,,,,,,,,,
98,,,,,,0.00,,,,,,,,,,,,,,,,,,
99,,,,,,0.00,,,,,,,,,,,,,,,,,,
100,,,,,,,,,,,,,,,,,,,,,,,,
