,name,supplier,rating,reviews,price,description,sleeve_length,fit,neckline,composition,color,imported,sustainability,article_number,length,gender
0,Relaxed Fit Cotton T-shirt,[],,[reviewsLabel],,Relaxed-fit T-shirt in soft cotton jersey. Ribbed crew neck and dropped shoulders.,Short sleeve,Relaxed fit,Round Neck,Cotton 100%,Black/white,Yes,environmentalMarker,1010193002,,men
1,Relaxed Fit Cotton T-shirt,[],,[reviewsLabel],,Relaxed-fit T-shirt in soft cotton jersey. Ribbed crew neck and dropped shoulders.,Short sleeve,Relaxed fit,Round Neck,Cotton 100%,Beige/pink/green/white,Yes,environmentalMarker,1010193001,,men
2,5-pack Slim Fit T-shirts,[],,[reviewsLabel],,Crew-neck T-shirts in soft cotton jersey.,Short sleeve,Slim fit,Round Neck,"Cotton 95%, Elastane 5%",White/black,Yes,,0624684003,Regular length,men
3,Regular Fit Crew-neck T-shirt,[],,[reviewsLabel],,Crew-neck T-shirt in soft cotton jersey.,Short sleeve,Regular fit,Round Neck,Cotton 100%,White,Yes,,0685816001,Regular length,men
4,Regular Fit Crew-neck T-shirt,[],,[reviewsLabel],,Crew-neck T-shirt in soft cotton jersey.,Short sleeve,Regular fit,Round Neck,Cotton 100%,Black,Yes,,0685816002,Regular length,men
5,5-pack Slim Fit T-shirts,[],,[reviewsLabel],,Crew-neck T-shirts in soft cotton jersey.,Short sleeve,Slim fit,Round Neck,"Cotton 95%, Elastane 5%",White,Yes,,0624684001,Regular length,men
6,Regular Fit Crew-neck T-shirt,[],,[reviewsLabel],,Crew-neck T-shirt in soft cotton jersey.,Short sleeve,Regular fit,Round Neck,Cotton 100%,Dark beige,Yes,,0685816099,Regular length,men
7,Long Fit T-shirt,[],,[reviewsLabel],,"Long, crew-neck T-shirt in soft jersey with a rounded hem.",Short sleeve,,Round Neck,Cotton 100%,Black,Yes,,0598755001,Long,men
8,Long Fit T-shirt,[],,[reviewsLabel],,"Long, crew-neck T-shirt in soft jersey with a rounded hem.",Short sleeve,,Round Neck,Cotton 100%,White,Yes,,0598755002,Long,men
9,3-pack Slim Fit T-shirts,[],,[reviewsLabel],,Crew-neck T-shirts in soft jersey.,Short sleeve,Slim fit,Round Neck,"Cotton 95%, Elastane 5%",Black,Yes,,0578630003,Regular length,men
10,Long Fit T-shirt,[],,[reviewsLabel],,"Long, crew-neck T-shirt in soft jersey with a rounded hem.",Short sleeve,,Round Neck,Cotton 100%,Taupe,Yes,,0598755066,Long,men
11,Regular Fit Crew-neck T-shirt,[],,[reviewsLabel],,Crew-neck T-shirt in soft cotton jersey.,Short sleeve,Regular fit,Round Neck,Cotton 100%,Dark gray,Yes,,0685816023,Regular length,men
12,Relaxed Fit T-shirt,[],,[reviewsLabel],,"Relaxed-fit, crew-neck T-shirt in soft cotton jersey with a printed design.",Short sleeve,Relaxed fit,Round Neck,Cotton 100%,Green/black,Yes,,0967955006,,men
13,5-pack Slim Fit T-shirts,[],,[reviewsLabel],,V-neck T-shirts in cotton jersey. Slim Fit.,Short sleeve,Slim fit,V-neck,"Cotton 95%, Elastane 5%",Black/white/dark gray/light beige/khaki green,Yes,,0945059005,,men
14,Relaxed Fit T-shirt,[],,[reviewsLabel],,"Relaxed-fit, crew-neck T-shirt in soft cotton jersey with a printed design.",Short sleeve,Relaxed fit,Round Neck,Cotton 100%,Black/white,Yes,,0967955026,,men
15,Raw-edge T-shirt,[],,[reviewsLabel],,"T-shirt in soft cotton slub jersey. Slightly wider neckline, seam at center back, and slightly longer, rounded back section. Raw, rolled edges at neckline and cuffs.",Short sleeve,,Round Neck,Cotton 100%,White,Yes,,0793104001,,men
16,Raw-edge T-shirt,[],,[reviewsLabel],,"T-shirt in soft cotton slub jersey. Slightly wider neckline, seam at center back, and slightly longer, rounded back section. Raw, rolled edges at neckline and cuffs.",Short sleeve,,Round Neck,Cotton 100%,Black,Yes,,0793104002,,men
17,5-pack Slim Fit T-shirts,[],,[reviewsLabel],,V-neck T-shirts in cotton jersey. Slim Fit.,Short sleeve,Slim fit,V-neck,"Cotton 95%, Elastane 5%",Black/white,Yes,,0945059001,,men
18,3-pack Slim Fit T-shirts,[],,[reviewsLabel],,V-neck T-shirts in soft jersey.,Short sleeve,Slim fit,V-neck,"Cotton 95%, Elastane 5%",Black,Yes,,0542533002,Regular length,men
19,3-pack Slim Fit T-shirts,[],,[reviewsLabel],,V-neck T-shirts in soft jersey.,Short sleeve,Slim fit,V-neck,"Cotton 95%, Elastane 5%",Gray/dark gray/black,Yes,,0542533038,Regular length,men
20,Regular Fit T-shirt,[],,[reviewsLabel],,T-shirt in soft cotton jersey with a printed design. Ribbed crew neck.,Short sleeve,Regular fit,Round Neck,Cotton 100%,Black/white/red/blue,Yes,,0846973126,,men
21,Long Fit T-shirt,[],,[reviewsLabel],,"Long, crew-neck T-shirt in soft jersey with a rounded hem.",Short sleeve,,Round Neck,Cotton 100%,Dark gray,Yes,,0598755063,Long,men
22,3-pack Slim Fit T-shirts,[],,[reviewsLabel],,Crew-neck T-shirts in soft jersey.,Short sleeve,Slim fit,Round Neck,"Cotton 95%, Elastane 5%",Burgundy/navy blue/gray melange,Yes,,0578630041,Regular length,men
23,5-pack Slim Fit T-shirts,[],,[reviewsLabel],,V-neck T-shirts in cotton jersey. Slim Fit.,Short sleeve,Slim fit,V-neck,"Cotton 95%, Elastane 5%",Light green/light gray/dark blue/light blue/white,Yes,,0945059004,,men
24,Premium Cotton T-shirt,[],,[reviewsLabel],,Crew-neck T-shirt in premium cotton jersey.,Short sleeve,Slim fit,Round Neck,Cotton 100%,Light beige melange,Yes,Premium Selection,0702932009,Regular length,men
25,Relaxed Fit T-shirt,[],,[reviewsLabel],,"Relaxed-fit, crew-neck T-shirt in soft cotton jersey with a printed design.",Short sleeve,Relaxed fit,Round Neck,Cotton 100%,Beige/white/orange,Yes,,0967955004,,men
26,Long Fit T-shirt,[],,[reviewsLabel],,"Long, crew-neck T-shirt in soft jersey with a rounded hem.",Short sleeve,,Round Neck,Cotton 100%,Burgundy,Yes,,0598755069,Long,men
27,3-pack Regular Fit T-shirts,[],,[reviewsLabel],,Crew-neck T-shirts in soft cotton jersey.,Short sleeve,Regular fit,Round Neck,Cotton 100%,White/black/gray melange,Yes,,0945531002,,men
28,Slim Fit Round-neck T-shirt,[],,[reviewsLabel],,Crew-neck T-shirt in soft jersey.,Short sleeve,Slim fit,Round Neck,"Cotton 95%, Elastane 5%",Black,Yes,,0570002001,Regular length,men
29,Premium Cotton T-shirt,[],,[reviewsLabel],,Crew-neck T-shirt in premium cotton jersey.,Short sleeve,Slim fit,Round Neck,Cotton 100%,White,Yes,Premium Selection,0702932002,Regular length,men
30,Relaxed Fit T-shirt,[],,[reviewsLabel],,Crew-neck T-shirt in thick cotton jersey.,Short sleeve,Relaxed fit,Round Neck,Cotton 100%,Black,Yes,,0608945008,Regular length,men
31,Regular Fit Crew-neck T-shirt,[],,[reviewsLabel],,Crew-neck T-shirt in soft cotton jersey.,Short sleeve,Regular fit,Round Neck,"Cotton 95%, Viscose 5%",Gray melange,Yes,,0685816053,Regular length,men
32,3-pack Slim Fit T-shirts,[],,[reviewsLabel],,V-neck T-shirts in soft jersey.,Short sleeve,Slim fit,V-neck,"Cotton 95%, Elastane 5%",Khaki green/dark blue/white,Yes,,0542533042,Regular length,men
33,Raw-edge T-shirt,[],,[reviewsLabel],,"T-shirt in soft cotton slub jersey. Slightly wider neckline, seam at center back, and slightly longer, rounded back section. Raw, rolled edges at neckline and cuffs.",Short sleeve,,Round Neck,Cotton 100%,Light beige,Yes,,0793104007,,men
34,Regular Fit Crew-neck T-shirt,[],,[reviewsLabel],,Crew-neck T-shirt in soft cotton jersey.,Short sleeve,Regular fit,Round Neck,Cotton 100%,Gray,Yes,,0685816049,Regular length,men
35,Regular Fit Crew-neck T-shirt,[],,[reviewsLabel],,Crew-neck T-shirt in soft cotton jersey.,Short sleeve,Regular fit,Round Neck,Cotton 100%,Light khaki green,Yes,,0685816048,Regular length,men
36,Cotton T-shirt,[],,[reviewsLabel],,"Blank staples is a streetwear collection of minimalistic pieces – the perfect canvas for your personal style and creativity. This contemporary T-shirt is made from heavy, 7 oz/yd2 organic cotton jersey for a premium handfeel. Straight-cut, oversized, and relaxed fit with a ribbed crew neck and dropped shoulders.",Short sleeve,Oversized,Round Neck,Cotton 100%,Black,Yes,environmentalMarker,1003570001,,men
37,Cotton T-shirt,[],,[reviewsLabel],,"Blank staples is a streetwear collection of minimalistic pieces – the perfect canvas for your personal style and creativity. This contemporary T-shirt is made from heavy, 7 oz/yd2 organic cotton jersey for a premium handfeel. Straight-cut, oversized, and relaxed fit with a ribbed crew neck and dropped shoulders.",Short sleeve,Oversized,Round Neck,Cotton 100%,Cream,Yes,environmentalMarker,1003570002,,men
38,Cotton T-shirt,[],,[reviewsLabel],,"Blank staples is a streetwear collection of minimalistic pieces – the perfect canvas for your personal style and creativity. This contemporary T-shirt is made from heavy, 7 oz/yd2 organic cotton jersey for a premium handfeel. Straight-cut, oversized, and relaxed fit with a ribbed crew neck and dropped shoulders.",Short sleeve,Oversized,Round Neck,"Cotton 98%, Viscose 2%",Light gray melange,Yes,,1003570008,,men
39,Cotton Polo Shirt,[],,[reviewsLabel],,"Polo shirt in cotton piqué. Ribbed collar, button placket, and short sleeves with ribbed cuffs. Slits at sides.",Short sleeve,,,Cotton 100%,Black,Yes,,0816759001,,men
40,Regular Fit T-shirt,[],,[reviewsLabel],,T-shirt in soft cotton jersey with a printed design. Ribbed crew neck.,Short sleeve,Regular fit,Round Neck,Cotton 100%,Black/pink/light blue/green,Yes,,0846973103,,men
41,Regular Fit Crew-neck T-shirt,[],,[reviewsLabel],,Crew-neck T-shirt in soft cotton jersey.,Short sleeve,Regular fit,Round Neck,Cotton 100%,Dark blue,Yes,,0685816078,Regular length,men
42,Premium Cotton T-shirt,[],,[reviewsLabel],,Crew-neck T-shirt in premium cotton jersey.,Short sleeve,Slim fit,Round Neck,Cotton 100%,Black,Yes,Premium Selection,0702932001,Regular length,men
43,Premium Cotton T-shirt,[],,[reviewsLabel],,Crew-neck T-shirt in premium cotton jersey.,Short sleeve,Slim fit,Round Neck,Cotton 100%,Dark burgundy,Yes,Premium Selection,0702932030,Regular length,men
44,3-pack Slim Fit T-shirts,[],,[reviewsLabel],,Crew-neck T-shirts in soft jersey.,Short sleeve,Slim fit,Round Neck,"Cotton 95%, Elastane 5%",White,Yes,,0578630002,Regular length,men
45,Printed T-shirt,[],,[reviewsLabel],,T-shirt in soft cotton jersey with a printed graphic design and crew neck.,Short sleeve,,,Cotton 100%,White/black/light purple/light green,Yes,,0684021140,Regular length,men
46,Premium Cotton T-shirt,[],,[reviewsLabel],,Crew-neck T-shirt in premium cotton jersey.,Short sleeve,Slim fit,Round Neck,Cotton 100%,Dark khaki green,Yes,Premium Selection,0702932036,Regular length,men
47,Jersey Polo Shirt,[],,[reviewsLabel],,"Short-sleeved polo shirt in soft cotton jersey. Collar, opening at top without buttons, and slits at sides of hem.",Short sleeve,,,Cotton 100%,Rust red,Yes,environmentalMarker,0963674008,,men
48,Cotton T-shirt,[],,[reviewsLabel],,"Blank staples is a streetwear collection of minimalistic pieces – the perfect canvas for your personal style and creativity. This contemporary T-shirt is made from heavy, 7 oz/yd2 organic cotton jersey for a premium handfeel. Straight-cut, oversized, and relaxed fit with a ribbed crew neck and dropped shoulders.",Short sleeve,Oversized,Round Neck,Cotton 100%,Dark green,Yes,environmentalMarker,1003570004,,men
49,Relaxed Fit T-shirt,[],,[reviewsLabel],,Crew-neck T-shirt in thick cotton jersey.,Short sleeve,Relaxed fit,Round Neck,Cotton 100%,White,Yes,,0608945001,Regular length,men
50,Printed T-shirt,[],,[reviewsLabel],,T-shirt in soft cotton jersey with a printed graphic design and crew neck.,Short sleeve,,,Cotton 100%,Beige/black,Yes,,0684021113,Regular length,men
51,Regular Fit T-shirt,[],,[reviewsLabel],,T-shirt in soft cotton jersey with a printed design. Ribbed crew neck.,Short sleeve,Regular fit,Round Neck,Cotton 100%,Black/red/blue/white,Yes,,0846973163,,men
52,3-pack Regular Fit T-shirts,[],,[reviewsLabel],,Crew-neck T-shirts in soft cotton jersey.,Short sleeve,Regular fit,Round Neck,Cotton 100%,White,Yes,,0945531001,,men
53,Printed T-shirt,[],,[reviewsLabel],,T-shirt in soft cotton jersey with a printed graphic design and crew neck.,Short sleeve,,,Cotton 100%,Light turquoise/light pink/white,Yes,,0684021143,Regular length,men
54,Relaxed Fit T-shirt,[],,[reviewsLabel],,Crew-neck T-shirt in thick cotton jersey.,Short sleeve,Relaxed fit,Round Neck,Cotton 100%,Gray,Yes,,0608945037,Regular length,men
55,Cotton T-shirt,[],,[reviewsLabel],,"Blank staples is a streetwear collection of minimalistic pieces – the perfect canvas for your personal style and creativity. This contemporary T-shirt is made from heavy, 7 oz/yd2 organic cotton jersey for a premium handfeel. Straight-cut, oversized, and relaxed fit with a ribbed crew neck and dropped shoulders.",Short sleeve,Oversized,Round Neck,Cotton 100%,Navy blue,Yes,environmentalMarker,1003570005,,men
56,10-pack Regular Fit T-shirts,[],,[reviewsLabel],,Crew-neck T-shirts in soft cotton jersey.,Short sleeve,Regular fit,Round Neck,Cotton 100%,White,Yes,,0975620003,,men
57,Regular Fit Crew-neck T-shirt,[],,[reviewsLabel],,Crew-neck T-shirt in soft cotton jersey.,Short sleeve,Regular fit,Round Neck,Cotton 100%,Light gray,Yes,,0685816089,Regular length,men
58,Relaxed Fit COOLMAX® T-shirt,[],,[reviewsLabel],,"Crew-neck T-shirt in soft jersey with a printed design. Made from COOLMAX® functional fabric – a unique, soft, comfortable, and fast-drying polyester fiber to efficiently wick moisture while regulating temperature.",Short sleeve,Relaxed fit,Round Neck,"Cotton 57%, Polyester 43%",Black/light blue/beige/green,Yes,environmentalMarker,0952602004,,men
59,Loose Fit Sports Shirt,[],,[reviewsLabel],,"Short-sleeved, crew-neck shirt in fast-drying, functional fabric to help keep you dry and cool while exercising. Taped details. Rounded hem, longer at back for improved fit and increased freedom of movement.",Short sleeve,Loose fit,Round Neck,"Polyester 94%, Elastane 6%",Dark green melange,Yes,environmentalMarker,0948855015,,men
60,T-shirt with Printed Design,[],,[reviewsLabel],,T-shirt in soft cotton jersey with a printed design.,Short sleeve,,Round Neck,Cotton 100%,Pink/black,Yes,,0699923146,Regular length,men
61,Slim Fit V-neck T-shirt,[],,[reviewsLabel],,V-neck T-shirt in soft cotton jersey.,Short sleeve,Slim fit,V-neck,"Cotton 95%, Elastane 5%",Black,Yes,,0570003001,Regular length,men
62,Regular Fit T-shirt,[],,[reviewsLabel],,Crew-neck T-shirt in soft cotton jersey with a printed motif.,Short sleeve,Regular fit,Round Neck,Cotton 100%,White/black,Yes,,0976232002,,men
63,Jersey Polo Shirt,[],,[reviewsLabel],,"Short-sleeved polo shirt in soft cotton jersey. Collar, opening at top without buttons, and slits at sides of hem.",Short sleeve,,,Cotton 100%,Sage green,Yes,environmentalMarker,0963674004,,men
64,Long Fit T-shirt,[],,[reviewsLabel],,"Long, crew-neck T-shirt in soft jersey with a rounded hem.",Short sleeve,,Round Neck,Cotton 100%,Light purple,Yes,,0598755067,Long,men
65,Premium Cotton T-shirt,[],,[reviewsLabel],,Crew-neck T-shirt in premium cotton jersey.,Short sleeve,Slim fit,Round Neck,Cotton 100%,Dark taupe,Yes,Premium Selection,0702932038,Regular length,men
66,Regular Fit T-shirt,[],,[reviewsLabel],,Crew-neck T-shirt in soft cotton jersey with a printed motif.,Short sleeve,Regular fit,Round Neck,Cotton 100%,Black/white,Yes,,0976232001,,men
67,Premium Cotton T-shirt,[],,[reviewsLabel],,Crew-neck T-shirt in premium cotton jersey.,Short sleeve,Slim fit,Round Neck,Cotton 100%,Dark blue,Yes,Premium Selection,0702932004,Regular length,men
68,Printed T-shirt,[],,[reviewsLabel],,T-shirt in soft cotton jersey with a printed design at front. Ribbed crew neck.,Short sleeve,Regular fit,Round Neck,Cotton 100%,Yellow/neon pink/purple/turquoise,Yes,,0945383002,,men
69,Loose Fit Sports Shirt,[],,[reviewsLabel],,"Short-sleeved, crew-neck shirt in fast-drying, functional fabric to help keep you dry and cool while exercising. Taped details. Rounded hem, longer at back for improved fit and increased freedom of movement.",Short sleeve,Loose fit,Round Neck,"Polyester 86%, Elastane 14%",Black,Yes,environmentalMarker,0948855004,,men
70,Raw-edge T-shirt,[],,[reviewsLabel],,"T-shirt in soft cotton slub jersey. Slightly wider neckline, seam at center back, and slightly longer, rounded back section. Raw, rolled edges at neckline and cuffs.",Short sleeve,,Round Neck,Cotton 100%,Khaki green,Yes,,0793104019,,men
71,3-pack Slim Fit T-shirts,[],,[reviewsLabel],,Crew-neck T-shirts in soft jersey.,Short sleeve,Slim fit,Round Neck,"Cotton 95%, Elastane 5%",Beige/white/light pink,Yes,,0578630040,Regular length,men
72,Regular Fit V-neck T-shirt,[],,[reviewsLabel],,V-neck T-shirt in soft cotton jersey.,Short sleeve,Regular fit,V-neck,Cotton 100%,White,Yes,,0763275001,,men
73,3-pack Slim Fit T-shirts,[],,[reviewsLabel],,V-neck T-shirts in soft jersey.,Short sleeve,Slim fit,V-neck,"Cotton 95%, Elastane 5%",White,Yes,,0542533001,Regular length,men
74,Color-block T-shirt,[],,[reviewsLabel],,Color-block T-shirt in cotton jersey. Ribbed neck and a small fabric appliqué on chest. Regular Fit.,Short sleeve,Regular fit,Round Neck,Cotton 100%,Dark blue/white,Yes,,0986376001,,men
75,Heavy Cotton Jersey T-shirt,[],,[reviewsLabel],,"Relaxed-fit T-shirt in heavy cotton jersey. Crew neck, printed design at front, and dropped shoulders.",Short sleeve,Relaxed fit,Round Neck,Cotton 100%,Orange/black/white,Yes,,0872231060,,men
76,Regular Fit T-shirt,[],,[reviewsLabel],,T-shirt in soft cotton jersey with a printed design. Ribbed crew neck.,Short sleeve,Regular fit,Round Neck,Cotton 100%,Black/red/blue/white,Yes,,0846973162,,men
77,Regular Fit T-shirt,[],,[reviewsLabel],,T-shirt in soft cotton jersey with a printed design. Ribbed crew neck.,Short sleeve,Regular fit,Round Neck,Cotton 100%,Purple/yellow/black,Yes,,0846973151,,men
78,Relaxed Fit T-shirt,[],,[reviewsLabel],,Crew-neck T-shirt in thick cotton jersey.,Short sleeve,Relaxed fit,Round Neck,Cotton 100%,Taupe,Yes,,0608945046,Regular length,men
79,Relaxed Fit T-shirt,[],,[reviewsLabel],,"Relaxed-fit T-shirt in soft cotton jersey with a printed design. Ribbed neck, dropped shoulders, and chest pocket.",Short sleeve,Relaxed fit,Round Neck,Cotton 100%,Black/white,Yes,,1001459001,,men
80,3-pack Slim Fit T-shirts,[],,[reviewsLabel],,Crew-neck T-shirts in soft jersey.,Short sleeve,Slim fit,Round Neck,"Cotton 95%, Elastane 5%",Blue/sage green/gray melange,Yes,,0578630039,Regular length,men
81,Relaxed Fit T-shirt,[],,[reviewsLabel],,Relaxed-fit T-shirt in soft cotton jersey with a printed design. Ribbed crew neck and dropped shoulders.,Short sleeve,Relaxed fit,Round Neck,Cotton 100%,Blue/white,Yes,,0972640022,,men
82,Regular Fit V-neck T-shirt,[],,[reviewsLabel],,V-neck T-shirt in soft cotton jersey.,Short sleeve,Regular fit,V-neck,Cotton 100%,Black,Yes,,0763275002,,men
83,2-pack Henley Shirts,[],,[reviewsLabel],,Short-sleeved henley shirts in soft jersey with a round neck and short button placket.,Short sleeve,Regular fit,,Cotton 100%,Khaki green/beige,Yes,,0674180015,Regular length,men
84,Regular Fit T-shirt,[],,[reviewsLabel],,T-shirt in soft cotton jersey with a printed design. Ribbed crew neck.,Short sleeve,Regular fit,Round Neck,Cotton 100%,Black/gray/beige,Yes,,0846973138,,men
85,Relaxed Fit T-shirt,[],,[reviewsLabel],,"Relaxed-fit T-shirt in soft cotton jersey with a printed design. Ribbed neck, dropped shoulders, and chest pocket.",Short sleeve,Relaxed fit,Round Neck,Cotton 100%,White/black/light blue,Yes,,1001459002,,men
86,Premium Cotton T-shirt,[],,[reviewsLabel],,Crew-neck T-shirt in premium cotton jersey.,Short sleeve,Slim fit,Round Neck,Cotton 100%,Steel blue,Yes,Premium Selection,0702932037,Regular length,men
87,COOLMAX® Piqué Polo Shirt,[],,[reviewsLabel],,"Polo shirt in cotton-blend piqué. Collar, button placket, and short sleeves. Made with COOLMAX® functional fabric – a unique, soft, comfortable, and fast-drying polyester fiber to efficiently wick moisture while regulating temperature.",Short sleeve,Regular fit,,"Cotton 58%, Polyester 42%",Light brown,Yes,,0950868001,,men
88,Regular Fit Polo Shirt,[],,[reviewsLabel],,Short-sleeved polo shirt in soft cotton jersey. Ribbed collar and two buttons at top.,Short sleeve,Regular fit,,Cotton 100%,White,Yes,,0973019002,,men
89,Long Fit T-shirt,[],,[reviewsLabel],,"Long, crew-neck T-shirt in soft jersey with a rounded hem.",Short sleeve,,Round Neck,Cotton 100%,Mint green,Yes,,0598755068,Long,men
90,Loose Fit Sports Shirt,[],,[reviewsLabel],,"Short-sleeved, crew-neck shirt in fast-drying, functional fabric to help keep you dry and cool while exercising. Taped details. Rounded hem, longer at back for improved fit and increased freedom of movement.",Short sleeve,Loose fit,Round Neck,"Polyester 94%, Elastane 6%",Light gray,Yes,environmentalMarker,0948855002,,men
91,Fine-knit Polo Shirt,[],,[reviewsLabel],,"Short-sleeved, fine-knit polo shirt in cotton with a ribbed collar and button placket.",Short sleeve,,,Cotton 100%,Navy blue,Yes,,0863753011,,men
92,2-pack Henley Shirts,[],,[reviewsLabel],,Short-sleeved henley shirts in soft jersey with a round neck and short button placket.,Short sleeve,Regular fit,,Cotton 100%,Dark gray/white,Yes,,0674180017,Regular length,men
93,Slim Fit Polo Shirt,[],,[reviewsLabel],,"Short-sleeved polo shirt in soft, organic cotton jersey. Collar and button placket at top.",Short sleeve,Slim fit,,"Cotton 95%, Elastane 5%",White,Yes,environmentalMarker,0956343002,,men
94,Regular Fit Crew-neck T-shirt,[],,[reviewsLabel],,Crew-neck T-shirt in soft cotton jersey.,Short sleeve,Regular fit,Round Neck,Cotton 100%,Light pink-purple,Yes,,0685816101,Regular length,men
95,2-pack Henley Shirts,[],,[reviewsLabel],,Short-sleeved henley shirts in soft jersey with a round neck and short button placket.,Short sleeve,Regular fit,,Cotton 100%,Black,Yes,,0674180002,Regular length,men
96,Premium Cotton T-shirt,[],,[reviewsLabel],,Crew-neck T-shirt in premium cotton jersey.,Short sleeve,Slim fit,Round Neck,Cotton 100%,Pigeon blue,Yes,Premium Selection,0702932055,Regular length,men
97,Regular Fit T-shirt,[],,[reviewsLabel],,T-shirt in soft cotton jersey with a printed design. Ribbed crew neck.,Short sleeve,Regular fit,Round Neck,Cotton 100%,White/brown/black/beige/yellow,Yes,,0846973132,,men
98,Long Fit T-shirt,[],,[reviewsLabel],,"Long, crew-neck T-shirt in soft jersey with a rounded hem.",Short sleeve,,Round Neck,Cotton 100%,Steel gray,Yes,,0598755031,Long,men
99,Premium Cotton T-shirt,[],,[reviewsLabel],,Crew-neck T-shirt in premium cotton jersey.,Short sleeve,Slim fit,Round Neck,Cotton 100%,Gray melange,Yes,Premium Selection,0702932033,Regular length,men
100,T-shirt with Printed Design,[],,[reviewsLabel],,T-shirt in soft cotton jersey with a printed design.,Short sleeve,,Round Neck,Cotton 100%,White/black/red/pink/blue/green,Yes,,0699923163,Regular length,men
101,Slub Jersey T-shirt,[],,[reviewsLabel],,"T-shirt in slub cotton jersey with sewn cuffs on sleeves. Slightly longer, rounded back section.",Short sleeve,,,Cotton 100%,White,Yes,,0591466038,,men
102,Loose Fit Sports Shirt,[],,[reviewsLabel],,"Short-sleeved, crew-neck shirt in fast-drying, functional fabric to help keep you dry and cool while exercising. Taped details. Rounded hem, longer at back for improved fit and increased freedom of movement.",Short sleeve,Loose fit,Round Neck,"Polyester 86%, Elastane 14%",White,Yes,environmentalMarker,0948855003,,men
103,Cotton T-shirt,[],,[reviewsLabel],,T-shirt in soft cotton jersey.,Short sleeve,,Round Neck,Cotton 100%,Black/green/orange/white,Yes,,0782616050,,men
104,Regular Fit T-shirt,[],,[reviewsLabel],,Crew-neck T-shirt in soft cotton jersey with a printed graphic design at front.,Short sleeve,Regular fit,Round Neck,Cotton 100%,Black/neon green,Yes,,0973277006,,men
105,Premium Cotton T-shirt,[],,[reviewsLabel],,Crew-neck T-shirt in premium cotton jersey.,Short sleeve,Slim fit,Round Neck,Cotton 100%,Turquoise,Yes,Premium Selection,0702932056,Regular length,men
106,2-pack COOLMAX® T-shirts,[],,[reviewsLabel],,"Crew-neck T-shirts in a soft, stretch cotton blend made from COOLMAX® functional fabric – a unique, soft, comfortable, and fast-drying polyester fiber to efficiently wick moisture while regulating temperature.",Short sleeve,Regular fit,Round Neck,"Cotton 60%, Polyester 40%",Dark blue/light blue,Yes,,0945802004,,men
107,Regular Fit Polo Shirt,[],,[reviewsLabel],,Short-sleeved polo shirt in soft cotton jersey. Ribbed collar and two buttons at top.,Short sleeve,Regular fit,,Cotton 100%,Light blue,Yes,,0973019005,,men
108,Slim Fit V-neck T-shirt,[],,[reviewsLabel],,V-neck T-shirt in soft cotton jersey.,Short sleeve,Slim fit,V-neck,"Cotton 95%, Elastane 5%",White,Yes,,0570003002,Regular length,men
109,2-pack Regular Fit T-shirts,[],,[reviewsLabel],,"T-shirts in soft cotton jersey with a low neck. Rolled edges at neck and cuffs. Rounded hem, longer at back. Regular Fit.",Short sleeve,Regular fit,Round Neck,Cotton 100%,Black/white,Yes,,0963748001,,men
110,Cotton Polo Shirt,[],,[reviewsLabel],,"Polo shirt in cotton piqué. Ribbed collar, button placket, and short sleeves with ribbed cuffs. Slits at sides.",Short sleeve,,,Cotton 100%,Pink,Yes,,0816759039,,men
111,Regular Fit V-neck T-shirt,[],,[reviewsLabel],,V-neck T-shirt in soft cotton jersey.,Short sleeve,Regular fit,V-neck,Cotton 100%,Dark blue,Yes,,0763275030,,men
112,5-pack Slim Fit T-shirts,[],,[reviewsLabel],,Crew-neck T-shirts in soft cotton jersey.,Short sleeve,Slim fit,Round Neck,"Cotton 80%, Viscose 15%, Elastane 5%",Light purple/khaki green/gray melange/taupe/white,Yes,,0624684012,Regular length,men
113,Cotton T-shirt,[],,[reviewsLabel],,T-shirt in soft cotton jersey.,Short sleeve,,Round Neck,Cotton 100%,Beige/white,Yes,,0782616049,,men
114,Cotton Polo Shirt,[],,[reviewsLabel],,"Polo shirt in cotton piqué. Ribbed collar, button placket, and short sleeves with ribbed cuffs. Slits at sides.",Short sleeve,,,Cotton 100%,White,Yes,,0816759002,,men
115,Regular Fit T-shirt,[],,[reviewsLabel],,T-shirt in soft cotton jersey with a printed design. Ribbed crew neck.,Short sleeve,Regular fit,Round Neck,Cotton 100%,White/purple/beige,Yes,,0846973161,,men
116,Regular Fit Crew-neck T-shirt,[],,[reviewsLabel],,Crew-neck T-shirt in soft cotton jersey.,Short sleeve,Regular fit,Round Neck,Cotton 100%,Mint green,Yes,,0685816091,Regular length,men
117,Printed T-shirt,[],,[reviewsLabel],,T-shirt in soft cotton jersey with a printed graphic design and crew neck.,Short sleeve,,,Cotton 100%,Light pink/light orange,Yes,,0684021142,Regular length,men
118,2-pack COOLMAX® T-shirts,[],,[reviewsLabel],,"Crew-neck T-shirts in soft jersey made from COOLMAX® functional fabric – a unique, soft, comfortable, and fast-drying polyester fiber to efficiently wick moisture while regulating temperature.",Short sleeve,Slim fit,Round Neck,"Cotton 96%, Elastane 4%",Blue/light gray melange,Yes,,0948730005,,men
119,Pima Cotton T-shirt,[],,[reviewsLabel],,T-shirt in pima cotton jersey with a ribbed crew neck. Straight-cut hem with short slits at sides.,Short sleeve,Regular fit,Round Neck,Cotton 100%,Dark blue,Yes,Premium Selection,0926847005,,men
120,Regular Fit Polo Shirt,[],,[reviewsLabel],,Short-sleeved polo shirt in soft cotton jersey. Ribbed collar and two buttons at top.,Short sleeve,Regular fit,,Cotton 100%,Light purple,Yes,,0973019004,,men
121,Regular Fit T-shirt,[],,[reviewsLabel],,Crew-neck T-shirt in soft slub cotton jersey with an open chest pocket.,Short sleeve,Regular fit,Round Neck,Cotton 100%,Mint green,Yes,,0982659004,,men
122,1/4-Zip Polo Shirt,[],,[reviewsLabel],,"Short-sleeved polo shirt in cotton piqué. Ribbed collar, zipper at top, and short slits at sides.",Short sleeve,,,"Cotton 60%, Polyester 40%",Gray,Yes,,0891007003,,men
123,Regular Fit COOLMAX® T-shirt,[],,[reviewsLabel],,"T-shirt in soft jersey with a printed design. Made from COOLMAX® functional fabric – a unique, soft, comfortable, and fast-drying polyester fiber to efficiently wick moisture while regulating temperature.",Short sleeve,Regular fit,Round Neck,"Cotton 59%, Polyester 41%",White/green/blue,Yes,,0952601007,,men
124,2-pack COOLMAX® T-shirts,[],,[reviewsLabel],,"Crew-neck T-shirts in a soft, stretch cotton blend made from COOLMAX® functional fabric – a unique, soft, comfortable, and fast-drying polyester fiber to efficiently wick moisture while regulating temperature.",Short sleeve,Regular fit,Round Neck,"Cotton 60%, Polyester 40%",Black,Yes,,0945802002,,men
125,T-shirt with Printed Design,[],,[reviewsLabel],,T-shirt in soft cotton jersey with a printed design.,Short sleeve,,Round Neck,Cotton 100%,Yellow,Yes,,0699923156,Regular length,men
126,Relaxed Fit T-shirt,[],,[reviewsLabel],,"Relaxed-fit, straight-cut T-shirt in soft cotton jersey. Ribbed crew neck and dropped shoulders.",Short sleeve,Relaxed fit,Round Neck,Cotton 100%,White,Yes,,1003662001,,men
127,Slim Fit Polo Shirt,[],,[reviewsLabel],,Short-sleeved polo shirt in stretch cotton jersey with a collar and button placket. Slim fit.,Short sleeve,Slim fit,,Cotton 100%,Dark blue/white,Yes,,0658329018,,men
128,Regular Fit Polo Shirt,[],,[reviewsLabel],,Short-sleeved polo shirt in soft cotton jersey. Ribbed collar and two buttons at top.,Short sleeve,Regular fit,,Cotton 100%,Gray,Yes,,0973019003,,men
129,Regular Fit Printed T-shirt,[],,[reviewsLabel],,T-shirt in soft cotton jersey with a printed motif. Ribbed crew neck.,Short sleeve,Regular fit,Round Neck,Cotton 100%,Pink/black,Yes,,0979502002,,men
130,Relaxed Fit T-shirt,[],,[reviewsLabel],,Relaxed-fit T-shirt in soft cotton jersey. Ribbed crew neck and dropped shoulders.,Short sleeve,Relaxed fit,Round Neck,Cotton 100%,Purple/light green/light blue/white/black,Yes,,1008905001,,men
131,3-pack Slim Fit T-shirts,[],,[reviewsLabel],,Crew-neck T-shirts in soft jersey.,Short sleeve,Slim fit,Round Neck,"Cotton 90%, Viscose 5%, Elastane 5%",Gray melange/white/beige,Yes,,0578630036,Regular length,men
132,Long Fit T-shirt,[],,[reviewsLabel],,"Long, crew-neck T-shirt in soft jersey with a rounded hem.",Short sleeve,,Round Neck,Cotton 100%,Light orange,Yes,,0598755059,Long,men
133,Slim Fit V-neck T-shirt,[],,[reviewsLabel],,V-neck T-shirt in soft cotton jersey.,Short sleeve,Slim fit,V-neck,"Cotton 95%, Elastane 5%",Light purple,Yes,,0570003100,Regular length,men
134,2-pack Slim Fit T-shirts,[],,[reviewsLabel],,"T-shirts in soft cotton jersey. Slightly wider, rounded neck with narrow trim.",Short sleeve,Slim fit,Round Neck,"Cotton 95%, Elastane 5%",Dark gray/black,Yes,,0981530002,,men
135,Muscle Fit Sports Shirt,[],,[reviewsLabel],,"Short-sleeved sports shirt in fast-drying, functional fabric. Made partly from recycled polyester.",Short sleeve,Muscle fit,Round Neck,"Polystyrene 93%, Elastane 7%",Dark blue melange,Yes,environmentalMarker,0653275007,Regular length,men
136,Relaxed Fit T-shirt,[],,[reviewsLabel],,Relaxed-fit T-shirt in soft cotton jersey. Ribbed crew neck and dropped shoulders.,Short sleeve,Relaxed fit,Round Neck,Cotton 100%,Dark gray/black/white,Yes,,0982172001,,men
137,Slim Fit Round-neck T-shirt,[],,[reviewsLabel],,Crew-neck T-shirt in soft jersey.,Short sleeve,Slim fit,Round Neck,"Cotton 95%, Elastane 5%",Gray/white,Yes,,0570002111,Regular length,men
138,Pima Cotton T-shirt,[],,[reviewsLabel],,T-shirt in pima cotton jersey with a ribbed crew neck. Straight-cut hem with short slits at sides.,Short sleeve,Regular fit,Round Neck,Cotton 100%,White,Yes,Premium Selection,0926847001,,men
139,Loose Fit Sports Shirt,[],,[reviewsLabel],,"Short-sleeved, crew-neck shirt in fast-drying, functional fabric to help keep you dry and cool while exercising. Taped details. Rounded hem, longer at back for improved fit and increased freedom of movement.",Short sleeve,Loose fit,Round Neck,"Polyester 94%, Elastane 6%",Dark blue melange,Yes,environmentalMarker,0948855013,,men
140,Loose Fit Sports Shirt,[],,[reviewsLabel],,"Short-sleeved, crew-neck shirt in fast-drying, functional fabric to help keep you dry and cool while exercising. Taped details. Rounded hem, longer at back for improved fit and increased freedom of movement.",Short sleeve,Loose fit,Round Neck,"Polyester 90%, Elastane 10%",Dark gray melange,Yes,environmentalMarker,0948855001,,men
141,Slim Fit Polo Shirt,[],,[reviewsLabel],,"Short-sleeved polo shirt in soft, organic cotton jersey. Collar and button placket at top.",Short sleeve,Slim fit,,"Cotton 95%, Elastane 5%",Mint green,Yes,environmentalMarker,0956343014,,men
142,Relaxed Fit T-shirt,[],,[reviewsLabel],,Relaxed-fit T-shirt in soft cotton jersey with a printed design at front and back. Ribbed crew neck and dropped shoulders.,Short sleeve,Relaxed fit,Round Neck,Cotton 100%,White/green/black,Yes,,0972556018,,men
143,Regular Fit V-neck T-shirt,[],,[reviewsLabel],,V-neck T-shirt in soft cotton jersey.,Short sleeve,Regular fit,V-neck,Cotton 100%,Dark gray,Yes,,0763275033,,men
144,2-pack COOLMAX® T-shirts,[],,[reviewsLabel],,"Crew-neck T-shirts in a soft, stretch cotton blend made from COOLMAX® functional fabric – a unique, soft, comfortable, and fast-drying polyester fiber to efficiently wick moisture while regulating temperature.",Short sleeve,Regular fit,Round Neck,"Cotton 60%, Polyester 40%",Dark gray/orange,Yes,,0945802005,,men
145,Slim Fit Polo Shirt,[],,[reviewsLabel],,"Short-sleeved polo shirt in soft, organic cotton jersey. Collar and button placket at top.",Short sleeve,Slim fit,,"Cotton 95%, Elastane 5%",Light pink,Yes,environmentalMarker,0956343013,,men
146,Cotton T-shirt,[],,[reviewsLabel],,"Blank staples is a streetwear collection of minimalistic pieces – the perfect canvas for your personal style and creativity. This contemporary T-shirt is made from heavy, 7 oz/yd2 organic cotton jersey for a premium handfeel. Straight-cut, oversized, and relaxed fit with a ribbed crew neck and dropped shoulders.",Short sleeve,Oversized,Round Neck,Cotton 100%,Dark brown,Yes,environmentalMarker,1003570007,,men
147,2-pack Long Fit T-shirts,[],,[reviewsLabel],,"Long, straight-cut T-shirts in soft cotton jersey. Ribbed crew neck and very rounded hem. Relaxed fit.",Short sleeve,,Round Neck,Cotton 100%,White/black,Yes,,0945202001,,men
148,Long T-shirt,[],,[reviewsLabel],,"Long, relaxed-fit T-shirt in cotton slub jersey. Rounded, wider neckline with rolled raw edge, open chest pocket, and sewn cuffs on sleeves. Rounded hem at front. Longer at back.",Short sleeve,,Round Neck,Cotton 100%,Khaki green,Yes,,0793704004,Long,men
149,Relaxed Fit T-shirt,[],,[reviewsLabel],,Crew-neck T-shirt in thick cotton jersey.,Short sleeve,Relaxed fit,Round Neck,Cotton 100%,Green,Yes,,0608945057,Regular length,men
150,Regular Fit T-shirt,[],,[reviewsLabel],,Crew-neck T-shirt in soft cotton jersey with a printed motif.,Short sleeve,Regular fit,Round Neck,Cotton 100%,Sage green/black/white,Yes,,0976232005,,men
151,2-pack Relaxed Fit T-shirts,[],,[reviewsLabel],,Relaxed-fit T-shirts in soft cotton jersey. Ribbed crew neck and dropped shoulders.,Short sleeve,Relaxed fit,Round Neck,Cotton 100%,White/black,Yes,,0981324001,,men
152,Muscle Fit Sports Shirt,[],,[reviewsLabel],,"Short-sleeved sports shirt in fast-drying, functional fabric. Made partly from recycled polyester.",Short sleeve,Muscle fit,Round Neck,"Polyester 87%, Elastane 13%",Black,Yes,environmentalMarker,0653275005,Regular length,men
153,Pima Cotton T-shirt,[],,[reviewsLabel],,T-shirt in pima cotton jersey with a ribbed crew neck. Straight-cut hem with short slits at sides.,Short sleeve,Regular fit,Round Neck,Cotton 100%,Black,Yes,Premium Selection,0926847002,,men
154,2-pack Slim Fit T-shirts,[],,[reviewsLabel],,"T-shirts in soft cotton jersey. Slightly wider, rounded neck with narrow trim.",Short sleeve,Slim fit,Round Neck,"Cotton 95%, Elastane 5%",White,Yes,,0981530001,,men
155,Pima Cotton T-shirt,[],,[reviewsLabel],,T-shirt in pima cotton jersey with a ribbed crew neck. Straight-cut hem with short slits at sides.,Short sleeve,Regular fit,Round Neck,Cotton 100%,Pale orange,Yes,Premium Selection,0926847013,,men
156,Muscle Fit Sports Shirt,[],,[reviewsLabel],,"Short-sleeved sports shirt in fast-drying, functional fabric. Made partly from recycled polyester.",Short sleeve,Muscle fit,Round Neck,"Polyester 93%, Elastane 7%",Orange,Yes,environmentalMarker,0653275055,Regular length,men
157,Muscle Fit Sports Shirt,[],,[reviewsLabel],,"Short-sleeved sports shirt in fast-drying, functional fabric. Made partly from recycled polyester.",Short sleeve,Muscle fit,Round Neck,"Polyester 93%, Elastane 7%",Black melange,Yes,environmentalMarker,0653275047,Regular length,men
158,Regular Fit V-neck T-shirt,[],,[reviewsLabel],,V-neck T-shirt in soft cotton jersey.,Short sleeve,Regular fit,V-neck,Cotton 100%,Light turquoise,Yes,,0763275029,,men
159,3-pack Slim Fit T-shirts,[],,[reviewsLabel],,Crew-neck T-shirts in soft jersey.,Short sleeve,Slim fit,Round Neck,"Cotton 95%, Elastane 5%",Black/dark gray/gray,Yes,,0578630038,Regular length,men
160,Regular Fit Crew-neck T-shirt,[],,[reviewsLabel],,Crew-neck T-shirt in soft cotton jersey.,Short sleeve,Regular fit,Round Neck,Cotton 100%,Dark blue,Yes,,0685816037,Regular length,men
161,Regular Fit V-neck T-shirt,[],,[reviewsLabel],,V-neck T-shirt in soft cotton jersey.,Short sleeve,Regular fit,V-neck,Cotton 100%,Light pink,Yes,,0763275034,,men
162,Regular Fit Crew-neck T-shirt,[],,[reviewsLabel],,Crew-neck T-shirt in soft cotton jersey.,Short sleeve,Regular fit,Round Neck,Cotton 100%,Neon green,Yes,,0685816100,Regular length,men
163,Cotton Polo Shirt,[],,[reviewsLabel],,"Polo shirt in cotton piqué. Ribbed collar, button placket, and short sleeves with ribbed cuffs. Slits at sides.",Short sleeve,,,Cotton 100%,Light blue,Yes,,0816759035,,men
164,2-pack Regular Fit T-shirts,[],,[reviewsLabel],,"T-shirts in soft cotton jersey with a low neck. Rolled edges at neck and cuffs. Rounded hem, longer at back. Regular Fit.",Short sleeve,Regular fit,Round Neck,Cotton 100%,Black,Yes,,0963748005,,men
165,Heavy Cotton Jersey T-shirt,[],,[reviewsLabel],,"Relaxed-fit T-shirt in heavy cotton jersey. Crew neck, printed design at front, and dropped shoulders.",Short sleeve,Relaxed fit,Round Neck,Cotton 100%,Pink,Yes,,0872231053,,men
166,Muscle Fit T-shirt,[],,[reviewsLabel],,"Crew-neck T-shirt in soft cotton jersey with a printed design at front. Muscle Fit – designed to showcase the body’s physique. Narrow shoulders, tapered sleeves, and accentuated waist for a flattering silhouette.",Short sleeve,Muscle fit,Round Neck,"Cotton 95%, Elastane 5%",Light blue/white,Yes,,0986473003,,men
167,Relaxed Fit T-shirt,[],,[reviewsLabel],,Relaxed-fit T-shirt in soft cotton jersey with a printed design at front and back. Ribbed crew neck and dropped shoulders.,Short sleeve,Relaxed fit,Round Neck,Cotton 100%,Orange/black,Yes,,0972556019,,men
168,Loose Fit Sports Shirt,[],,[reviewsLabel],,"Short-sleeved, crew-neck shirt in fast-drying, functional fabric to help keep you dry and cool while exercising. Taped details. Rounded hem, longer at back for improved fit and increased freedom of movement.",Short sleeve,Loose fit,Round Neck,"Polyester 94%, Elastane 6%",Dark red melange,Yes,environmentalMarker,0948855018,,men
169,Regular Fit COOLMAX® T-shirt,[],,[reviewsLabel],,"T-shirt in soft jersey with a printed design. Made from COOLMAX® functional fabric – a unique, soft, comfortable, and fast-drying polyester fiber to efficiently wick moisture while regulating temperature.",Short sleeve,Regular fit,Round Neck,"Cotton 59%, Polyester 41%",Neon green/black,Yes,,0952601006,,men
170,Printed T-shirt,[],,[reviewsLabel],,T-shirt in soft cotton jersey with a printed graphic design and crew neck.,Short sleeve,,,Cotton 100%,White/light pink/yellow/black,Yes,environmentalMarker,0684021129,Regular length,men
171,Premium Cotton T-shirt,[],,[reviewsLabel],,"Crew-neck T-shirt in soft, premium cotton jersey.",Short sleeve,Regular fit,,Cotton 100%,Black,Yes,Premium Selection,0997172002,,men
172,Muscle Fit T-shirt,[],,[reviewsLabel],,"Crew-neck T-shirt in soft cotton jersey with a printed design at front. Muscle Fit – designed to showcase the body’s physique. Narrow shoulders, tapered sleeves, and accentuated waist for a flattering silhouette.",Short sleeve,Muscle fit,Round Neck,"Cotton 95%, Elastane 5%",White/black,Yes,,0986473001,,men
173,2-pack Long Fit T-shirts,[],,[reviewsLabel],,"Long, straight-cut T-shirts in soft cotton jersey. Ribbed crew neck and very rounded hem. Relaxed fit.",Short sleeve,,Round Neck,Cotton 100%,Gray melange/light blue,Yes,,0945202002,,men
174,Relaxed Fit T-shirt,[],,[reviewsLabel],,Crew-neck T-shirt in thick cotton jersey.,Short sleeve,Relaxed fit,Round Neck,Cotton 100%,White/purple,Yes,,0608945050,Regular length,men
175,Regular Fit T-shirt,[],,[reviewsLabel],,Crew-neck T-shirt in soft slub cotton jersey with an open chest pocket.,Short sleeve,Regular fit,Round Neck,Cotton 100%,White,Yes,,0982659001,,men
176,2-pack Slim Fit T-shirts,[],,[reviewsLabel],,"T-shirts in soft cotton jersey. Slightly wider, rounded neck with narrow trim.",Short sleeve,Slim fit,Round Neck,"Cotton 95%, Elastane 5%",Khaki green/light gray,Yes,,0981530003,,men
177,Relaxed Fit T-shirt,[],,[reviewsLabel],,"Relaxed-fit, crew-neck T-shirt in soft cotton jersey with a printed design.",Short sleeve,Relaxed fit,Round Neck,Cotton 100%,White/blue/orange/pink,Yes,environmentalMarker,0967955005,,men
178,Pima Cotton T-shirt,[],,[reviewsLabel],,T-shirt in pima cotton jersey with a ribbed crew neck. Straight-cut hem with short slits at sides.,Short sleeve,Regular fit,Round Neck,Cotton 100%,Light gray melange,Yes,Premium Selection,0926847004,,men
179,Premium Cotton T-shirt,[],,[reviewsLabel],,"Crew-neck T-shirt in soft, premium cotton jersey.",Short sleeve,Regular fit,,Cotton 100%,White,Yes,Premium Selection,0997172001,,men
180,Slub Jersey T-shirt,[],,[reviewsLabel],,"T-shirt in slub cotton jersey with sewn cuffs on sleeves. Slightly longer, rounded back section.",Short sleeve,,,Cotton 100%,Brown,Yes,,0591466060,,men
181,Cotton T-shirt,[],,[reviewsLabel],,"Blank staples is a streetwear collection of minimalistic pieces that are the perfect canvas for your personal style and creativity. This contemporary T-shirt is made from heavy, 7 oz. cotton jersey for a premium handfeel. Straight-cut, oversized, and relaxed fit with a ribbed crew neck and dropped shoulders.",Short sleeve,Oversized,Round Neck,Cotton 100%,Cream,Yes,,0956774001,,men
182,2-pack COOLMAX® T-shirts,[],,[reviewsLabel],,"V-neck T-shirts in soft jersey made from COOLMAX® functional fabric – a unique, soft, comfortable, and fast-drying polyester fiber to efficiently wick moisture while regulating temperature.",Short sleeve,Regular fit,V-neck,"Cotton 60%, Polyester 40%",Black,Yes,,0976756001,,men
183,Regular Fit T-shirt,[],,[reviewsLabel],,Crew-neck T-shirt in soft slub cotton jersey with an open chest pocket.,Short sleeve,Regular fit,Round Neck,Cotton 100%,Dark gray melange,Yes,,0982659003,,men
184,Regular Fit T-shirt,[],,[reviewsLabel],,T-shirt in soft cotton jersey with a printed design. Ribbed crew neck.,Short sleeve,Regular fit,Round Neck,Cotton 100%,Red/white,Yes,,0846973134,,men
185,10-pack Regular Fit T-shirts,[],,[reviewsLabel],,Crew-neck T-shirts in soft cotton jersey.,Short sleeve,Regular fit,Round Neck,Cotton 100%,Black/white,Yes,,0975620002,,men
186,Relaxed Fit COOLMAX® T-shirt,[],,[reviewsLabel],,"Crew-neck T-shirt in soft jersey with a printed design. Made from COOLMAX® functional fabric – a unique, soft, comfortable, and fast-drying polyester fiber to efficiently wick moisture while regulating temperature.",Short sleeve,Relaxed fit,Round Neck,"Cotton 57%, Polyester 43%",White/green/brown,Yes,environmentalMarker,0952602005,,men
187,Regular Fit COOLMAX® T-shirt,[],,[reviewsLabel],,"T-shirt in soft jersey with a printed design. Made from COOLMAX® functional fabric – a unique, soft, comfortable, and fast-drying polyester fiber to efficiently wick moisture while regulating temperature.",Short sleeve,Regular fit,Round Neck,"Cotton 59%, Polyester 41%",White/light blue/light green/light pink,Yes,,0952601005,,men
188,Relaxed Fit T-shirt,[],,[reviewsLabel],,"Relaxed-fit, straight-cut T-shirt in soft cotton jersey. Ribbed crew neck and dropped shoulders.",Short sleeve,Relaxed fit,Round Neck,Cotton 100%,Navy blue,Yes,,1003662003,,men
189,Regular Fit Running Shirt,[],,[reviewsLabel],,"Running shirt in fast-drying, functional fabric designed to help keep you dry and cool while exercising. Short raglan sleeves and reflective details.",Short sleeve,Regular fit,Round Neck,Polyester 100%,Black/orange,Yes,environmentalMarker,0886548020,,men
190,2-pack Relaxed Fit T-shirts,[],,[reviewsLabel],,Relaxed-fit T-shirts in soft cotton jersey. Ribbed crew neck and dropped shoulders.,Short sleeve,Relaxed fit,Round Neck,Cotton 100%,Light purple/light gray,Yes,,0981324002,,men
191,Relaxed Fit T-shirt,[],,[reviewsLabel],,Relaxed-fit T-shirt in soft cotton jersey with a printed design. Ribbed crew neck and dropped shoulders.,Short sleeve,Relaxed fit,Round Neck,Cotton 100%,Black/silver-colored/white,Yes,,0972640023,,men
192,Regular Fit V-neck T-shirt,[],,[reviewsLabel],,V-neck T-shirt in soft cotton jersey.,Short sleeve,Regular fit,V-neck,Cotton 100%,Dark green,Yes,,0763275024,,men
193,Striped T-shirt,[],,[reviewsLabel],,"T-shirt in soft cotton jersey with printed stripes. Round, contrasting neckline.",Short sleeve,,Round Neck,Cotton 100%,White/red/dark blue,Yes,,0895587001,,men
194,Striped T-shirt,[],,[reviewsLabel],,"T-shirt in soft cotton jersey with printed stripes. Round, contrasting neckline.",Short sleeve,,Round Neck,Cotton 100%,Dark blue/white/red,Yes,,0895587002,,men
195,Regular Fit Printed T-shirt,[],,[reviewsLabel],,T-shirt in soft cotton jersey with a printed motif. Ribbed crew neck.,Short sleeve,Regular fit,Round Neck,Cotton 100%,Steel gray/white,Yes,,0979502001,,men
196,2-pack COOLMAX® T-shirts,[],,[reviewsLabel],,"V-neck T-shirts in soft jersey made from COOLMAX® functional fabric – a unique, soft, comfortable, and fast-drying polyester fiber to efficiently wick moisture while regulating temperature.",Short sleeve,Regular fit,V-neck,"Cotton 60%, Polyester 40%",Blue/light gray melange,Yes,,0976756003,,men
197,Relaxed Fit Printed T-shirt,[],,[reviewsLabel],,Relaxed-fit T-shirt in soft cotton jersey with a printed design. Crew neck.,Short sleeve,Relaxed fit,Round Neck,Cotton 100%,Light pink/light blue/white,Yes,,0920624011,,men
198,Slim Fit V-neck T-shirt,[],,[reviewsLabel],,V-neck T-shirt in soft cotton jersey.,Short sleeve,Slim fit,V-neck,"Cotton 95%, Elastane 5%",Dark gray,Yes,,0570003099,Regular length,men
199,Relaxed Fit T-shirt,[],,[reviewsLabel],,Relaxed-fit T-shirt in soft cotton jersey with a printed design. Ribbed crew neck and dropped shoulders.,Short sleeve,Relaxed fit,Round Neck,Cotton 100%,Light blue/white/black,Yes,,0972640030,,men
200,Slim Fit Round-neck T-shirt,[],,[reviewsLabel],,Crew-neck T-shirt in soft jersey.,Short sleeve,Slim fit,Round Neck,"Cotton 95%, Elastane 5%",White,Yes,,0570002002,Regular length,men
201,Relaxed Fit T-shirt,[],,[reviewsLabel],,"Relaxed-fit, straight-cut T-shirt in soft cotton jersey. Ribbed crew neck and dropped shoulders.",Short sleeve,Relaxed fit,Round Neck,Cotton 100%,Light purple,Yes,,1003662004,,men
202,Premium Cotton Polo Shirt,[],,[reviewsLabel],,"Short-sleeved polo shirt in soft premium cotton. Ribbed collar, two buttons at top, open chest pocket, and a slit at each side of hem. Slim Fit – shaped at chest and tapered at waist, combined with slightly narrower sleeves for a tailored silhouette.",Short sleeve,Slim fit,,Cotton 100%,Dark blue,Yes,,0939969003,,men
203,Relaxed Fit T-shirt,[],,[reviewsLabel],,Crew-neck T-shirt in thick cotton jersey.,Short sleeve,Relaxed fit,Round Neck,Cotton 100%,Mint green,Yes,,0608945054,Regular length,men
204,Slim Fit V-neck T-shirt,[],,[reviewsLabel],,V-neck T-shirt in soft cotton jersey.,Short sleeve,Slim fit,V-neck,"Cotton 95%, Elastane 5%",Mint green,Yes,,0570003102,Regular length,men
205,2-pack COOLMAX® T-shirts,[],,[reviewsLabel],,"Crew-neck T-shirts in soft jersey made from COOLMAX® functional fabric – a unique, soft, comfortable, and fast-drying polyester fiber to efficiently wick moisture while regulating temperature.",Short sleeve,Slim fit,Round Neck,"Cotton 58%, Polyester 38%, Elastane 4%",Neon green/white,Yes,,0948730006,,men
206,Slim Fit Polo Shirt,[],,[reviewsLabel],,"Short-sleeved polo shirt in soft, organic cotton jersey. Collar and button placket at top.",Short sleeve,Slim fit,,"Cotton 95%, Elastane 5%",Black,Yes,,0956343001,,men
207,Patterned T-shirt,[],,[reviewsLabel],,Crew-neck T-shirt in cotton slub jersey with a printed pattern.,Short sleeve,,Round Neck,Cotton 100%,Light blue/dark blue/orange/white,Yes,,0863952023,,men
208,Regular Fit Running Shirt,[],,[reviewsLabel],,"Running shirt in fast-drying, functional fabric designed to help keep you dry and cool while exercising. Short raglan sleeves and reflective details.",Short sleeve,Regular fit,Round Neck,Polyester 100%,Turquoise/black,Yes,environmentalMarker,0886548019,,men
209,Slim Fit Round-neck T-shirt,[],,[reviewsLabel],,Crew-neck T-shirt in soft jersey.,Short sleeve,Slim fit,Round Neck,"Cotton 95%, Elastane 5%",Light blue/white,Yes,,0570002120,Regular length,men
210,Raw-edge T-shirt,[],,[reviewsLabel],,"T-shirt in soft cotton slub jersey. Slightly wider neckline, seam at center back, and slightly longer, rounded back section. Raw, rolled edges at neckline and cuffs.",Short sleeve,,Round Neck,Cotton 100%,Steel blue,Yes,,0793104023,,men
211,Slim Fit Polo Shirt,[],,[reviewsLabel],,Short-sleeved polo shirt in stretch cotton jersey with a collar and button placket. Slim fit.,Short sleeve,Slim fit,,Cotton 100%,White/black,Yes,,0658329019,,men
212,2-pack COOLMAX® T-shirts,[],,[reviewsLabel],,"V-neck T-shirts in soft jersey made from COOLMAX® functional fabric – a unique, soft, comfortable, and fast-drying polyester fiber to efficiently wick moisture while regulating temperature.",Short sleeve,Regular fit,V-neck,"Cotton 60%, Polyester 40%",White,Yes,,0976756002,,men
213,Linen Jersey T-shirt,[],,[reviewsLabel],,T-shirt in soft linen jersey with a ribbed crew neck.,Short sleeve,,Round Neck,Linen 100%,Steel blue,Yes,Premium Selection,0930849006,,men
214,Slim Fit Round-neck T-shirt,[],,[reviewsLabel],,Crew-neck T-shirt in soft jersey.,Short sleeve,Slim fit,Round Neck,"Cotton 95%, Elastane 5%",Mint green,Yes,,0570002112,Regular length,men
215,Relaxed Fit T-shirt,[],,[reviewsLabel],,"Relaxed-fit T-shirt in soft cotton jersey with a printed design. Ribbed neck, dropped shoulders, and chest pocket.",Short sleeve,Relaxed fit,Round Neck,Cotton 100%,Light blue/white,Yes,,1001459003,,men
216,Linen-blend T-shirt,[],,[reviewsLabel],,Crew-neck T-shirt in soft jersey made from a linen and cotton blend.,Short sleeve,,Round Neck,"Linen 55%, Cotton 45%",White,Yes,,0974963006,,men
217,2-pack Sports Shirts,[],,[reviewsLabel],,"Short-sleeved sports shirts in fast-drying, functional fabric with good air permeability to wick away moisture. Made partly from recycled polyester.",Short sleeve,Muscle fit,Round Neck,"Polyester 87%, Elastane 13%",Dark gray melange/black,Yes,environmentalMarker,0816111003,,men
218,Premium Cotton T-shirt,[],,[reviewsLabel],,Crew-neck T-shirt in premium cotton jersey.,Short sleeve,Slim fit,Round Neck,Cotton 100%,Light blue,Yes,Premium Selection,0702932050,Regular length,men
219,2-pack Regular Fit T-shirts,[],,[reviewsLabel],,"T-shirts in soft cotton jersey with a low neck. Rolled edges at neck and cuffs. Rounded hem, longer at back. Regular Fit.",Short sleeve,Regular fit,Round Neck,Cotton 100%,White,Yes,,0963748004,,men
220,Relaxed Fit T-shirt,[],,[reviewsLabel],,"Relaxed-fit T-shirt in soft cotton jersey. Ribbed crew neck, dropped shoulders, and contrasting sleeves.",Short sleeve,Relaxed fit,Round Neck,Cotton 100%,Beige/dark blue/orange,Yes,,0980142001,,men
221,3-pack Slim Fit T-shirts,[],,[reviewsLabel],,Crew-neck T-shirts in soft jersey.,Short sleeve,Slim fit,Round Neck,"Cotton 95%, Elastane 5%",Light blue/peach pink/mint green,Yes,,0578630037,Regular length,men
222,Premium Cotton Polo Shirt,[],,[reviewsLabel],,"Fine-knit polo shirt in premium cotton. Ribbed collar, button placket, and short sleeves with ribbed cuffs.",Short sleeve,,,Cotton 100%,Dark turquoise,Yes,,0936957004,,men
223,Premium Cotton T-shirt,[],,[reviewsLabel],,Crew-neck T-shirt in premium cotton jersey.,Short sleeve,Slim fit,Round Neck,Cotton 100%,Pink,Yes,Premium Selection,0702932059,Regular length,men
224,2-pack Sports Shirts,[],,[reviewsLabel],,"Short-sleeved sports shirts in fast-drying, functional fabric with good air permeability to wick away moisture. Made partly from recycled polyester.",Short sleeve,Muscle fit,Round Neck,"Polyester 87%, Elastane 13%",Dark green/dark gray melange,Yes,environmentalMarker,0816111004,,men
225,Slim Fit COOLMAX® Polo Shirt,[],,[reviewsLabel],,"Polo shirt in cotton-blend piqué. Collar, button placket, and short sleeves. Made from COOLMAX® functional fabric – a unique, soft, comfortable, and fast-drying polyester fiber to efficiently wick moisture while regulating temperature.",Short sleeve,Slim fit,,"Cotton 52%, Polyester 48%",White,Yes,,0967154003,,men
226,Regular Fit Running Shirt,[],,[reviewsLabel],,"Running shirt in fast-drying, functional fabric designed to help keep you dry and cool while exercising. Short raglan sleeves and reflective details.",Short sleeve,Regular fit,Round Neck,Polyester 100%,Gray/dark gray/white,Yes,environmentalMarker,0886548015,,men
227,Relaxed Fit T-shirt,[],,[reviewsLabel],,"Relaxed-fit, crew-neck T-shirt in soft cotton jersey with a printed design.",Short sleeve,Relaxed fit,Round Neck,Cotton 100%,Blue/black,Yes,,0967955019,,men
228,Relaxed Fit T-shirt,[],,[reviewsLabel],,"Relaxed-fit T-shirt in soft cotton jersey. Ribbed crew neck, dropped shoulders, and contrasting sleeves.",Short sleeve,Relaxed fit,Round Neck,Cotton 100%,Turquoise/white/dark blue,Yes,,0980142003,,men
229,Regular Fit Running Shirt,[],,[reviewsLabel],,"Running shirt in fast-drying, functional fabric designed to help keep you dry and cool while exercising. Short raglan sleeves and reflective details.",Short sleeve,Regular fit,Round Neck,Polyester 100%,Dark blue/blue,Yes,environmentalMarker,0886548011,,men
230,Regular Fit Running Shirt,[],,[reviewsLabel],,"Running shirt in fast-drying, functional fabric designed to help keep you dry and cool while exercising. Short raglan sleeves and reflective details.",Short sleeve,Regular fit,Round Neck,Polyester 100%,Dark blue/black/turquoise,Yes,environmentalMarker,0886548004,,men
231,Printed T-shirt,[],,[reviewsLabel],,Slightly oversized T-shirt in soft cotton jersey with a printed design. Crew neck and dropped shoulders.,Short sleeve,,Round Neck,Cotton 100%,Dark gray/yellow/light purple,Yes,,0950728022,,women
232,Cotton T-shirt,[],,[reviewsLabel],,T-shirt in cotton jersey. Slightly wider neckline with narrow trim.,Short sleeve,,Round Neck,Cotton 100%,Black,Yes,,0979236004,,women
233,Printed T-shirt,[],,[reviewsLabel],,Slightly oversized T-shirt in soft cotton jersey with a printed design. Crew neck and dropped shoulders.,Short sleeve,,Round Neck,Cotton 100%,Black/light beige,Yes,,0950728020,,women
234,Oversized Printed T-shirt,[],,[reviewsLabel],,"Wide-cut T-shirt in soft jersey with a printed design at front. Crew neck, heavily dropped shoulders, and wide sleeves.",Short sleeve,Oversized,Round Neck,Cotton 100%,Charcoal gray/red/blue/yellow/green,Yes,,1016505001,Regular length,women
235,Printed T-shirt,[],,[reviewsLabel],,Relaxed-fit T-shirt in cotton jersey with a printed motif. Dropped shoulders and elbow-length sleeves.,Short sleeve,,Round Neck,Cotton 100%,Red/black/white,Yes,,1031597003,Regular length,women
236,Knit Top with Collar,[],,[reviewsLabel],,"Soft, straight-cut, fine-knit top with wool content. Collar, V-shaped opening at front, dropped shoulders, and short sleeves with ribbed cuffs. Ribbed hem with slits at sides. Longer at back.",Short sleeve,,V-neck,"Polyester 55%, Polyamide 30%, Viscose 10%, Wool 5%",Beige,Yes,environmentalMarker,0991622002,,women
237,Oversized Printed T-shirt,[],,[reviewsLabel],,Oversized T-shirt in soft cotton jersey with a printed graphic design at front. Ribbed crew neck and gently dropped shoulders.,Short sleeve,Oversized,Round Neck,Cotton 100%,Dark gray/white/orange/blue/black/red,Yes,environmentalMarker,0762558101,,women
238,T-shirt with Motif,[],,[reviewsLabel],,Jersey T-shirt with a printed motif.,Short sleeve,,Round Neck,Cotton 100%,Light beige/black,Yes,environmentalMarker,0762470235,,women
239,Oversized Printed T-shirt,[],,[reviewsLabel],,Oversized T-shirt in soft cotton jersey with a printed graphic design at front. Ribbed crew neck and gently dropped shoulders.,Short sleeve,Oversized,Round Neck,Cotton 100%,Dark gray/pink/white,Yes,environmentalMarker,0762558102,,women
240,Wide-cut Cotton T-shirt,[],,[reviewsLabel],,Wide-cut T-shirt in soft cotton jersey with gently dropped shoulders.,Short sleeve,,Round Neck,Cotton 100%,White,Yes,environmentalMarker,0980932002,,women
241,Oversized Printed T-shirt,[],,[reviewsLabel],,Oversized T-shirt in soft cotton jersey with a printed design.,Short sleeve,Oversized,Round Neck,Cotton 100%,Dark brown/yellow/gray,Yes,,0982361008,,women
242,Oversized Printed T-shirt,[],,[reviewsLabel],,Oversized T-shirt in soft cotton jersey with a printed graphic design at front. Ribbed crew neck and gently dropped shoulders.,Short sleeve,Oversized,Round Neck,Cotton 100%,Light purple/black/brown/yellow/gray,Yes,environmentalMarker,0762558150,,women
243,Silk-blend T-shirt,[],,[reviewsLabel],,"Classic, straight-cut T-shirt in jersey made from a cotton and silk blend. Short sleeves.",Short sleeve,,Round Neck,"Silk 50%, Cotton 50%",White,Yes,Premium Selection,0776746016,,women
244,2-pack Cotton T-shirts,[],,[reviewsLabel],,Fitted T-shirts in soft organic cotton jersey.,Short sleeve,Fitted,Round Neck,"Polyester 65%, Cotton 35%",Light beige melange,Yes,environmentalMarker,0826646009,,women
245,Oversized Printed T-shirt,[],,[reviewsLabel],,Oversized T-shirt in soft cotton jersey with a printed graphic design at front. Ribbed crew neck and gently dropped shoulders.,Short sleeve,Oversized,Round Neck,Cotton 100%,Black/red/white/blue/yellow,Yes,environmentalMarker,0762558171,,women
246,Wide-cut T-shirt,[],,[reviewsLabel],,"Longer, wide-cut T-shirt in soft cotton jersey. Dropped shoulders and wide, elbow-length sleeves.",Short sleeve,Oversized,Round Neck,Cotton 100%,Black,Yes,environmentalMarker,0975852001,Long,women
247,Ribbed Jersey T-shirt,[],,[reviewsLabel],,"Longer, relaxed-fit T-shirt in soft, ribbed jersey. Round, ribbed neckline, dropped shoulders, and short sleeves. Slit at each side of hem.",Short sleeve,,Round Neck,"Polyester 61%, Viscose 34%, Elastane 5%",Beige,Yes,environmentalMarker,0991690006,,women
248,Ribbed T-shirt,[],,[reviewsLabel],,"Long T-shirt in soft, ribbed, cotton-blend jersey. Round neckline with trim, dropped shoulders, and straight, raw-edge hem. Slits at sides.",Short sleeve,,Round Neck,"Cotton 62%, Polyester 33%, Elastane 5%",Gray,Yes,,1013035003,Regular length,women
249,Oversized Printed T-shirt,[],,[reviewsLabel],,Oversized T-shirt in washed-look cotton jersey with a printed graphic design. Heavily dropped shoulders and ribbed neckline.,Short sleeve,Oversized,Round Neck,Cotton 100%,White/red/blue,Yes,,0902140014,,women
250,Oversized T-shirt,[],,[reviewsLabel],,Oversized T-shirt in soft viscose jersey. Crew neck and dropped shoulders.,Short sleeve,Oversized,Round Neck,Viscose 100%,Light gray melange,Yes,,0996244007,,women
251,Wide-cut T-shirt,[],,[reviewsLabel],,"Longer, wide-cut T-shirt in soft cotton jersey. Dropped shoulders and wide, elbow-length sleeves.",Short sleeve,Oversized,Round Neck,Cotton 100%,Brown,Yes,environmentalMarker,0975852008,Long,women
252,Oversized Graphic T-shirt,[],,[reviewsLabel],,"Oversized T-shirt in soft, organic cotton jersey with a printed graphic design at front. Ribbed crew neck and dropped shoulders.",Short sleeve,Oversized,Round Neck,Cotton 100%,Light purple/white,Yes,environmentalMarker,0951378019,,women
253,Ribbed Jersey T-shirt,[],,[reviewsLabel],,"Longer, relaxed-fit T-shirt in soft, ribbed jersey. Round, ribbed neckline, dropped shoulders, and short sleeves. Slit at each side of hem.",Short sleeve,,Round Neck,"Polyester 61%, Viscose 34%, Elastane 5%",Light gray,Yes,environmentalMarker,0991690005,,women
254,H&M+ Modal-blend T-shirt,[],,[reviewsLabel],,"Oversized, straight-cut T-shirt in a soft modal and cotton blend. Ribbed neckline and heavily dropped shoulders.",Short sleeve,Oversized,Round Neck,"Cotton 50%, Modal 50%",Black,Yes,,0940102001,,women
255,Wide-cut Cotton T-shirt,[],,[reviewsLabel],,Wide-cut T-shirt in soft cotton jersey with gently dropped shoulders.,Short sleeve,,Round Neck,Cotton 100%,Light beige,Yes,environmentalMarker,0980932003,,women
256,Crop T-shirt,[],,[reviewsLabel],,"Short, loose-fit T-shirt in cotton jersey. Low-cut V-neck and dropped shoulders.",Short sleeve,Loose fit,V-neck,Cotton 100%,Black,Yes,environmentalMarker,0994084001,Crop,women
257,Ribbed Jersey T-shirt,[],,[reviewsLabel],,"Longer, relaxed-fit T-shirt in soft, ribbed jersey. Round, ribbed neckline, dropped shoulders, and short sleeves. Slit at each side of hem.",Short sleeve,,Round Neck,"Polyester 61%, Viscose 34%, Elastane 5%",Black,Yes,environmentalMarker,0991690001,,women
258,Long T-shirt,[],,[reviewsLabel],,"Long T-shirt in soft, cotton-blend jersey. Short sleeves with sewn cuffs.",Short sleeve,,Round Neck,Cotton 100%,Vintage pink,Yes,,0711053009,,women
259,Wide-cut Cotton T-shirt,[],,[reviewsLabel],,Wide-cut T-shirt in soft cotton jersey with gently dropped shoulders.,Short sleeve,,Round Neck,Cotton 100%,Black,Yes,environmentalMarker,0980932001,,women
260,Oversized Printed T-shirt,[],,[reviewsLabel],,Oversized T-shirt in soft cotton jersey with a printed design.,Short sleeve,Oversized,Round Neck,Cotton 100%,Dark green/white,Yes,,0982361007,,women
261,2-pack Cotton T-shirts,[],,[reviewsLabel],,"Fitted, V-neck T-shirts in soft cotton jersey.",Short sleeve,Fitted,V-neck,"Cotton 50%, Modal 50%",Black/white,Yes,environmentalMarker,0994311001,,women
262,Printed T-shirt,[],,[reviewsLabel],,Slightly oversized T-shirt in soft cotton jersey with a printed design. Crew neck and dropped shoulders.,Short sleeve,,Round Neck,Cotton 100%,White/gray/orange/purple/light green,Yes,,0950728021,,women
263,Cotton T-shirt,[],,[reviewsLabel],,Straight-cut T-shirt in soft cotton jersey with ribbed crew neck and gently dropped shoulders.,Short sleeve,,Round Neck,Cotton 100%,Gray,Yes,,0963662027,,women
264,Printed T-shirt,[],,[reviewsLabel],,Slightly oversized T-shirt in soft cotton jersey with a printed design. Crew neck and dropped shoulders.,Short sleeve,,Round Neck,Cotton 100%,Dark blue/blue,Yes,,0950728023,,women
265,Wide-cut T-shirt,[],,[reviewsLabel],,"Longer, wide-cut T-shirt in soft cotton jersey. Dropped shoulders and wide, elbow-length sleeves.",Short sleeve,Oversized,Round Neck,Cotton 100%,White,Yes,environmentalMarker,0975852002,Long,women
266,Knit Top with Collar,[],,[reviewsLabel],,"Soft, straight-cut, fine-knit top with wool content. Collar, V-shaped opening at front, dropped shoulders, and short sleeves with ribbed cuffs. Ribbed hem with slits at sides. Longer at back.",Short sleeve,,V-neck,"Polyester 55%, Polyamide 30%, Viscose 10%, Wool 5%",Light blue,Yes,environmentalMarker,0991622001,,women
267,Crop T-shirt,[],,[reviewsLabel],,"Short, loose-fit T-shirt in cotton jersey. Low-cut V-neck and dropped shoulders.",Short sleeve,Loose fit,V-neck,Cotton 100%,Dark gray,Yes,environmentalMarker,0994084005,Crop,women
268,Ribbed T-shirt,[],,[reviewsLabel],,"Long T-shirt in soft, ribbed, cotton-blend jersey. Round neckline with trim, dropped shoulders, and straight, raw-edge hem. Slits at sides.",Short sleeve,,Round Neck,"Cotton 62%, Polyester 33%, Elastane 5%",Cream,Yes,,1013035002,Regular length,women
269,Wide-cut T-shirt,[],,[reviewsLabel],,"Longer, wide-cut T-shirt in soft cotton jersey. Dropped shoulders and wide, elbow-length sleeves.",Short sleeve,Oversized,Round Neck,Cotton 100%,Khaki green,Yes,environmentalMarker,0975852009,Long,women
270,Wide-cut T-shirt,[],,[reviewsLabel],,"Longer, wide-cut T-shirt in soft cotton jersey. Dropped shoulders and wide, elbow-length sleeves.",Short sleeve,Oversized,Round Neck,Cotton 100%,Dark gray,Yes,environmentalMarker,0975852004,Long,women
271,Wide-cut Cotton T-shirt,[],,[reviewsLabel],,Wide-cut T-shirt in soft cotton jersey with gently dropped shoulders.,Short sleeve,,Round Neck,Cotton 100%,Powder pink,Yes,environmentalMarker,0980932005,,women
272,Silk-blend T-shirt,[],,[reviewsLabel],,"Classic, straight-cut T-shirt in jersey made from a cotton and silk blend. Short sleeves.",Short sleeve,,Round Neck,"Silk 50%, Cotton 50%",Black,Yes,Premium Selection,0776746001,,women
273,Wide-cut T-shirt,[],,[reviewsLabel],,"Longer, wide-cut T-shirt in soft cotton jersey. Dropped shoulders and wide, elbow-length sleeves.",Short sleeve,Oversized,Round Neck,Cotton 100%,Beige,Yes,environmentalMarker,0975852003,Long,women
274,Oversized T-shirt,[],,[reviewsLabel],,"Oversized T-shirt in cotton jersey. Ribbed crew neck, dropped shoulders, and straight, elbow-length sleeves.",Short sleeve,Oversized,Round Neck,Cotton 100%,Black,Yes,,0972246001,,women
275,Oversized T-shirt,[],,[reviewsLabel],,"Oversized T-shirt in cotton jersey. Ribbed crew neck, dropped shoulders, and straight, elbow-length sleeves.",Short sleeve,Oversized,Round Neck,Cotton 100%,White,Yes,,0972246002,,women
276,Crop T-shirt,[],,[reviewsLabel],,"Short, loose-fit T-shirt in cotton jersey. Low-cut V-neck and dropped shoulders.",Short sleeve,Loose fit,V-neck,Cotton 100%,White,Yes,environmentalMarker,0994084002,Crop,women
277,Oversized Printed T-shirt,[],,[reviewsLabel],,Oversized T-shirt in soft cotton jersey with a printed graphic design at front. Ribbed crew neck and gently dropped shoulders.,Short sleeve,Oversized,Round Neck,Cotton 100%,Light beige/black/light green/brown,Yes,,0762558090,,women
278,Wide-cut Cotton T-shirt,[],,[reviewsLabel],,Wide-cut T-shirt in soft cotton jersey with gently dropped shoulders.,Short sleeve,,Round Neck,"Cotton 90%, Polyester 10%",Light gray melange,Yes,environmentalMarker,0980932004,,women
279,Cotton Jersey T-shirt,[],,[reviewsLabel],,"Straight-cut, relaxed-fit T-shirt in soft cotton jersey with a ribbed crew neck.",Short sleeve,,Round Neck,Cotton 100%,Light beige/black,Yes,environmentalMarker,0975586010,,women
280,H&M+ Printed T-shirt,[],,[reviewsLabel],,Wide-cut T-shirt in cotton jersey with a printed motif at front. Ribbed crew neck.,Short sleeve,,Round Neck,Cotton 100%,Dark gray/purple/yellow,Yes,,1020152006,,women
281,Cotton Jersey T-shirt,[],,[reviewsLabel],,"Straight-cut, relaxed-fit T-shirt in soft cotton jersey with a ribbed crew neck.",Short sleeve,,Round Neck,Cotton 100%,White,Yes,environmentalMarker,0975586009,,women
282,Cotton T-shirt,[],,[reviewsLabel],,T-shirt in cotton jersey. Slightly wider neckline with narrow trim.,Short sleeve,,Round Neck,Cotton 100%,White,Yes,,0979236002,,women
283,Cotton Jersey T-shirt,[],,[reviewsLabel],,"Straight-cut, relaxed-fit T-shirt in soft cotton jersey with a ribbed crew neck.",Short sleeve,,Round Neck,Cotton 100%,Black/white,Yes,environmentalMarker,0975586001,,women
284,Cotton T-shirt,[],,[reviewsLabel],,T-shirt in cotton jersey. Slightly wider neckline with narrow trim.,Short sleeve,,Round Neck,Cotton 100%,Light green,Yes,,0979236010,,women
285,Cotton T-shirt,[],,[reviewsLabel],,Straight-cut T-shirt in soft cotton jersey with ribbed crew neck and gently dropped shoulders.,Short sleeve,,Round Neck,Cotton 100%,Light pink,Yes,,0963662013,,women
286,Wide-cut Cotton T-shirt,[],,[reviewsLabel],,Wide-cut T-shirt in soft cotton jersey with gently dropped shoulders.,Short sleeve,,Round Neck,Cotton 100%,Red,Yes,environmentalMarker,0980932009,,women
287,Ribbed T-shirt,[],,[reviewsLabel],,Fitted T-shirt in ribbed cotton jersey with a wide neckline.,Short sleeve,Fitted,Round Neck,"Cotton 95%, Elastane 5%",Cream,Yes,,0938690011,,women
288,Wide-cut Cotton T-shirt,[],,[reviewsLabel],,Wide-cut T-shirt in soft cotton jersey with gently dropped shoulders.,Short sleeve,,Round Neck,Cotton 100%,Dark gray,Yes,environmentalMarker,0980932007,,women
289,Printed T-shirt,[],,[reviewsLabel],,Relaxed-fit T-shirt in cotton jersey with a printed motif. Dropped shoulders and elbow-length sleeves.,Short sleeve,,Round Neck,"Cotton 58%, Polyester 42%",Light gray melange/black/white/red,Yes,,1031597001,Regular length,women
290,Low-cut T-shirt,[],,[reviewsLabel],,T-shirt in soft viscose jersey with a scoop neckline at front.,Short sleeve,,Low-cut Neckline,Viscose 100%,White,Yes,environmentalMarker,0982756002,,women
291,Crop T-shirt,[],,[reviewsLabel],,Oversized crop T-shirt in cotton jersey with a printed pattern.,Short sleeve,Oversized,Round Neck,Cotton 100%,White/black,Yes,,1026007001,Crop,women
292,Silk-blend T-shirt,[],,[reviewsLabel],,"Classic, straight-cut T-shirt in jersey made from a cotton and silk blend. Short sleeves.",Short sleeve,,Round Neck,"Silk 50%, Cotton 50%",Light yellow,Yes,Premium Selection,0776746025,,women
293,Cotton Jersey T-shirt,[],,[reviewsLabel],,"Straight-cut, relaxed-fit T-shirt in soft cotton jersey with a ribbed crew neck.",Short sleeve,,Round Neck,Cotton 100%,White/black,Yes,environmentalMarker,0975586002,,women
294,Cotton Jersey T-shirt,[],,[reviewsLabel],,"Straight-cut, relaxed-fit T-shirt in soft cotton jersey with a ribbed crew neck.",Short sleeve,,Round Neck,Cotton 100%,Powder pink,Yes,environmentalMarker,0975586003,,women
295,Cotton Jersey T-shirt,[],,[reviewsLabel],,"Straight-cut, relaxed-fit T-shirt in soft cotton jersey with a ribbed crew neck.",Short sleeve,,Round Neck,Cotton 100%,Dark gray/white,Yes,environmentalMarker,0975586005,,women
296,Low-cut T-shirt,[],,[reviewsLabel],,T-shirt in soft viscose jersey with a scoop neckline at front.,Short sleeve,,Low-cut Neckline,Viscose 100%,Black,Yes,environmentalMarker,0982756001,,women
297,Zodiac T-shirt,[],,[reviewsLabel],,Classic T-shirt in cotton jersey with a printed zodiac motif at front.,Short sleeve,Regular fit,Round Neck,Cotton 100%,Black/green,Yes,,1009635008,Regular length,women
298,Oversized T-shirt,[],,[reviewsLabel],,Oversized sweatshirt T-shirt in a lightweight cotton and recycled polyester blend. Ribbed crew neck and heavily dropped shoulders.,Short sleeve,Oversized,Round Neck,"Shell: Cotton 60%, Polyester 40%",Dark gray,Yes,,0967014001,,women
299,Viscose V-neck T-shirt,[],,[reviewsLabel],,V-neck T-shirt in softly draped viscose jersey.,Short sleeve,,V-neck,Viscose 100%,Black,Yes,environmentalMarker,0976661002,,women
300,Ribbed Jersey T-shirt,[],,[reviewsLabel],,"Longer, relaxed-fit T-shirt in soft, ribbed jersey. Round, ribbed neckline, dropped shoulders, and short sleeves. Slit at each side of hem.",Short sleeve,,Round Neck,"Polyester 61%, Viscose 34%, Elastane 5%",Solid-color,Yes,environmentalMarker,0991690004,,women
301,Oversized Graphic T-shirt,[],,[reviewsLabel],,"Oversized T-shirt in soft, organic cotton jersey with a printed graphic design at front. Ribbed crew neck and dropped shoulders.",Short sleeve,Oversized,Round Neck,"Cotton 80%, Polyester 20%",Gray melange/blue/white,Yes,environmentalMarker,0951378028,,women
302,2-pack Cotton T-shirts,[],,[reviewsLabel],,"Fitted, V-neck T-shirts in soft cotton jersey.",Short sleeve,Fitted,V-neck,"Cotton 50%, Modal 50%",Dark gray melange/light gray melange,Yes,environmentalMarker,0994311002,,women
303,Jersey T-shirt,[],,[reviewsLabel],,T-shirt in soft jersey.,Short sleeve,,Round Neck,Cotton 100%,Pink,Yes,,0717490008,,women
304,Oversized Printed T-shirt,[],,[reviewsLabel],,Oversized T-shirt in soft cotton jersey with a printed design.,Short sleeve,Oversized,Round Neck,Cotton 100%,White/orange/yellow,Yes,,0982361004,,women
305,Cotton T-shirt,[],,[reviewsLabel],,T-shirt in soft cotton jersey.,Short sleeve,,Round Neck,Cotton 100%,Black,Yes,,0934071001,,women
306,Oversized T-shirt,[],,[reviewsLabel],,Oversized T-shirt in soft cotton jersey. Ribbed crew neck and heavily dropped shoulders.,Short sleeve,Oversized,Round Neck,Cotton 100%,Dark gray,Yes,,1004672001,Long,women
307,2-pack Cotton T-shirts,[],,[reviewsLabel],,Fitted T-shirts in soft organic cotton jersey.,Short sleeve,Fitted,Round Neck,Cotton 100%,Black/white,Yes,environmentalMarker,0826646001,,women
308,Modal-blend T-shirt,[],,[reviewsLabel],,T-shirt in soft slub jersey made from a modal and cotton blend. Wide neckline and rounded hem.,Short sleeve,,Round Neck,"Cotton 50%, Modal 50%",Light gray melange,Yes,,0979237004,,women
309,Cotton T-shirt,[],,[reviewsLabel],,Straight-cut T-shirt in soft cotton jersey with ribbed crew neck and gently dropped shoulders.,Short sleeve,,Round Neck,Cotton 100%,Light pink,Yes,,0963662025,,women
310,Ribbed T-shirt,[],,[reviewsLabel],,Fitted T-shirt in ribbed cotton jersey with a wide neckline.,Short sleeve,Fitted,Round Neck,"Cotton 95%, Elastane 5%",White/black,Yes,,0938690010,,women
311,Modal-blend T-shirt,[],,[reviewsLabel],,T-shirt in soft slub jersey made from a modal and cotton blend. Wide neckline and rounded hem.,Short sleeve,,Round Neck,"Cotton 50%, Modal 50%",Powder pink,Yes,,0979237005,,women
312,Cotton Jersey T-shirt,[],,[reviewsLabel],,"Straight-cut, relaxed-fit T-shirt in soft cotton jersey with a ribbed crew neck.",Short sleeve,,Round Neck,"Cotton 90%, Polyester 10%",Light gray melange/black,Yes,environmentalMarker,0975586007,,women
313,Modal-blend T-shirt,[],,[reviewsLabel],,T-shirt in soft slub jersey made from a modal and cotton blend. Wide neckline and rounded hem.,Short sleeve,,Round Neck,"Cotton 50%, Modal 50%",Light taupe,Yes,,0979237006,,women
314,Modal-blend T-shirt,[],,[reviewsLabel],,T-shirt in soft slub jersey made from a modal and cotton blend. Wide neckline and rounded hem.,Short sleeve,,Round Neck,"Cotton 50%, Modal 50%",Cream,Yes,,0979237008,,women
315,Crop T-shirt,[],,[reviewsLabel],,"Slightly oversized crop T-shirt in soft cotton jersey with a printed design. Crew neck, heavily dropped shoulders, and wide, elbow-length sleeves.",Short sleeve,Oversized,Round Neck,Cotton 100%,Dark green/white,Yes,,0992852001,Crop,women
316,Printed Crop T-shirt,[],,[reviewsLabel],,Fitted crop T-shirt in soft cotton jersey. Printed design at front and round neckline with narrow trim.,Short sleeve,Fitted,Round Neck,"Cotton 95%, Elastane 5%",Black/light purple,Yes,environmentalMarker,1020378001,Crop,women
317,Zodiac T-shirt,[],,[reviewsLabel],,Classic T-shirt in cotton jersey with a printed zodiac motif at front.,Short sleeve,Regular fit,Round Neck,Cotton 100%,White/light pink,Yes,,1009635009,Regular length,women
318,Zodiac T-shirt,[],,[reviewsLabel],,Classic T-shirt in cotton jersey with a printed zodiac motif at front.,Short sleeve,Regular fit,Round Neck,Cotton 100%,Black/white,Yes,,1009635001,Regular length,women
319,Zodiac T-shirt,[],,[reviewsLabel],,Classic T-shirt in cotton jersey with a printed zodiac motif at front.,Short sleeve,Regular fit,Round Neck,Cotton 100%,Black/purple,Yes,,1009635010,Regular length,women
320,Ribbed T-shirt,[],,[reviewsLabel],,Fitted T-shirt in ribbed cotton jersey with a wide neckline.,Short sleeve,Fitted,Round Neck,"Cotton 95%, Elastane 5%",Black,Yes,,0938690001,,women
321,T-shirt with Motif,[],,[reviewsLabel],,Jersey T-shirt with a printed motif.,Short sleeve,,Round Neck,Cotton 100%,White/dark red/black/light yellow,Yes,environmentalMarker,0762470234,,women
322,Modal-blend T-shirt,[],,[reviewsLabel],,T-shirt in soft slub jersey made from a modal and cotton blend. Wide neckline and rounded hem.,Short sleeve,,Round Neck,"Cotton 50%, Modal 50%",Light blue melange,Yes,,0979237003,,women
323,Linen T-shirt,[],,[reviewsLabel],,Straight-cut T-shirt in airy linen jersey. Low-cut V-neck and dropped shoulders.,Short sleeve,,Low-cut Neckline,Linen 100%,Black,Yes,,0965452001,,women
324,Viscose V-neck T-shirt,[],,[reviewsLabel],,V-neck T-shirt in softly draped viscose jersey.,Short sleeve,,V-neck,Viscose 100%,Gray melange,Yes,environmentalMarker,0976661006,,women
325,Zodiac T-shirt,[],,[reviewsLabel],,Classic T-shirt in cotton jersey with a printed zodiac motif at front.,Short sleeve,Regular fit,Round Neck,Cotton 100%,White/blue,Yes,,1009635007,Regular length,women
326,Oversized Printed T-shirt,[],,[reviewsLabel],,Oversized T-shirt in washed-look cotton jersey with a printed graphic design. Heavily dropped shoulders and ribbed neckline.,Short sleeve,Oversized,Round Neck,Cotton 100%,Dark turquoise/white,Yes,,0902140004,,women
327,Oversized Printed T-shirt,[],,[reviewsLabel],,Oversized T-shirt in soft cotton jersey with a printed design.,Short sleeve,Oversized,Round Neck,Cotton 100%,Black/neon green,Yes,,0982361003,,women
328,Zodiac T-shirt,[],,[reviewsLabel],,Classic T-shirt in cotton jersey with a printed zodiac motif at front.,Short sleeve,Regular fit,Round Neck,Cotton 100%,White/black,Yes,,1009635005,Regular length,women
329,Oversized T-shirt,[],,[reviewsLabel],,Oversized sweatshirt T-shirt in a lightweight cotton and recycled polyester blend. Ribbed crew neck and heavily dropped shoulders.,Short sleeve,Oversized,Round Neck,"Shell: Cotton 60%, Polyester 40%",Dark brown,Yes,environmentalMarker,0967014006,,women
330,Zodiac T-shirt,[],,[reviewsLabel],,Classic T-shirt in cotton jersey with a printed zodiac motif at front.,Short sleeve,Regular fit,Round Neck,Cotton 100%,Black/neon yellow,Yes,,1009635003,Regular length,women
331,Jersey T-shirt,[],,[reviewsLabel],,T-shirt in soft jersey.,Short sleeve,,Round Neck,"Viscose 50%, Cotton 50%",Light gray melange/powder pink,Yes,,0717490075,,women
332,Modal-blend T-shirt,[],,[reviewsLabel],,T-shirt in soft slub jersey made from a modal and cotton blend. Wide neckline and rounded hem.,Short sleeve,,Round Neck,"Cotton 50%, Modal 50%",White,Yes,,0979237002,,women
333,H&M+ Printed T-shirt,[],,[reviewsLabel],,Wide-cut T-shirt in cotton jersey with a printed motif at front. Ribbed crew neck.,Short sleeve,,Round Neck,Cotton 100%,Gray/white/orange/blue/purple,Yes,,1020152007,,women
334,Printed Crop T-shirt,[],,[reviewsLabel],,Fitted crop T-shirt in soft cotton jersey. Printed design at front and round neckline with narrow trim.,Short sleeve,Fitted,Round Neck,"Cotton 95%, Elastane 5%",Light blue/black/white,Yes,environmentalMarker,1020378002,Crop,women
335,Low-cut T-shirt,[],,[reviewsLabel],,T-shirt in soft viscose jersey with a scoop neckline at front.,Short sleeve,,Low-cut Neckline,Viscose 100%,Light gray,Yes,environmentalMarker,0982756006,,women
336,H&M+ 2-pack T-shirts,[],,[reviewsLabel],,T-shirt in soft jersey made from a modal and cotton blend. Wide neckline and rounded hem.,Short sleeve,,Round Neck,"Cotton 90%, Viscose 10%",Black/white/light gray melange,Yes,,0993012002,,women
337,Cotton T-shirt,[],,[reviewsLabel],,Straight-cut T-shirt in thick cotton jersey.,Short sleeve,,Round Neck,Cotton 100%,White,Yes,,0827968001,,women
338,Wide-cut Cotton T-shirt,[],,[reviewsLabel],,Wide-cut T-shirt in soft cotton jersey with gently dropped shoulders.,Short sleeve,,Round Neck,Cotton 100%,Green,Yes,environmentalMarker,0980932008,,women
339,Oversized Printed T-shirt,[],,[reviewsLabel],,Oversized T-shirt in soft cotton jersey with a printed graphic design at front. Ribbed crew neck and gently dropped shoulders.,Short sleeve,Oversized,Round Neck,Cotton 100%,Cream/red/black,Yes,,0762558120,,women
340,Zodiac T-shirt,[],,[reviewsLabel],,Classic T-shirt in cotton jersey with a printed zodiac motif at front.,Short sleeve,Regular fit,Round Neck,Cotton 100%,White/purple,Yes,,1009635012,Regular length,women
341,Jersey T-shirt,[],,[reviewsLabel],,T-shirt in soft jersey.,Short sleeve,,Round Neck,"Viscose 50%, Cotton 50%",Powder pink/white,Yes,,0717490057,,women
342,Sleeveless T-shirt,[],,[reviewsLabel],,"Oversized, sleeveless T-shirt in soft cotton jersey with a ribbed crew neck.",Sleeveless,Oversized,Round Neck,Cotton 100%,Light blue,Yes,,0964835013,,women
343,Oversized T-shirt,[],,[reviewsLabel],,Oversized T-shirt in soft cotton jersey. Ribbed crew neck and heavily dropped shoulders.,Short sleeve,Oversized,Round Neck,Cotton 100%,Cream,Yes,,1004672002,Long,women
344,H&M+ 2-pack T-shirts,[],,[reviewsLabel],,T-shirt in soft jersey made from a modal and cotton blend. Wide neckline and rounded hem.,Short sleeve,,Round Neck,"Cotton 50%, Modal 50%",Black/white,Yes,,0993012001,,women
345,Zodiac T-shirt,[],,[reviewsLabel],,Classic T-shirt in cotton jersey with a printed zodiac motif at front.,Short sleeve,Regular fit,Round Neck,Cotton 100%,Black/neon green,Yes,,1009635002,Regular length,women
346,Printed T-shirt,[],,[reviewsLabel],,Crew-neck T-shirt in soft cotton jersey with a printed design.,Short sleeve,,Round Neck,Cotton 100%,White/black/beige/blue/pink,Yes,,0874122005,,women
347,Zodiac T-shirt,[],,[reviewsLabel],,Classic T-shirt in cotton jersey with a printed zodiac motif at front.,Short sleeve,Regular fit,Round Neck,Cotton 100%,White/neon orange,Yes,,1009635011,Regular length,women
348,Linen T-shirt,[],,[reviewsLabel],,Straight-cut T-shirt in airy linen jersey. Low-cut V-neck and dropped shoulders.,Short sleeve,,Low-cut Neckline,Linen 100%,Mint green,Yes,,0965452002,,women
349,Oversized T-shirt,[],,[reviewsLabel],,Oversized T-shirt in cotton-blend sweatshirt fabric. Ribbed neckline and dropped shoulders.,Short sleeve,Oversized,Round Neck,"Polyester 52%, Cotton 48%",White,Yes,environmentalMarker,1021307002,Long,women
350,Sleeveless T-shirt,[],,[reviewsLabel],,"Oversized, sleeveless T-shirt in soft cotton jersey with a ribbed crew neck.",Sleeveless,Oversized,Round Neck,Cotton 100%,White/yellow/black,Yes,,0964835017,,women
351,Printed T-shirt,[],,[reviewsLabel],,Studio Collection. Boxy T-shirt in soft cotton jersey with an embroidered detail at front and printed design at back. Ribbed crew neck and gently dropped shoulders.,Short sleeve,Regular fit,Round Neck,Cotton 100%,White/orange,Yes,environmentalMarker,1008691001,Regular length,women
352,Zodiac T-shirt,[],,[reviewsLabel],,Classic T-shirt in cotton jersey with a printed zodiac motif at front.,Short sleeve,Regular fit,Round Neck,Cotton 100%,White/blue,Yes,,1009635006,Regular length,women
353,V-neck T-shirt,[],,[reviewsLabel],,"Loose-fit, V-neck T-shirt in soft, cotton-blend jersey.",Short sleeve,,V-neck,"Viscose 50%, Cotton 50%",Black,Yes,,0718278001,,women
354,Oversized Graphic T-shirt,[],,[reviewsLabel],,"Oversized T-shirt in soft, organic cotton jersey with a printed graphic design at front. Ribbed crew neck and dropped shoulders.",Short sleeve,Oversized,Round Neck,Cotton 100%,Dark gray/white,Yes,environmentalMarker,0951378029,,women
355,Cotton T-shirt,[],,[reviewsLabel],,Straight-cut T-shirt in soft cotton jersey with ribbed crew neck and gently dropped shoulders.,Short sleeve,,Round Neck,Cotton 100%,Light taupe,Yes,,0963662004,,women
356,Cotton T-shirt,[],,[reviewsLabel],,Straight-cut T-shirt in soft cotton jersey with ribbed crew neck and gently dropped shoulders.,Short sleeve,,Round Neck,Cotton 100%,White,Yes,,0963662001,,women
357,Oversized T-shirt,[],,[reviewsLabel],,Oversized T-shirt in cotton-blend sweatshirt fabric. Ribbed neckline and dropped shoulders.,Short sleeve,Oversized,Round Neck,"Polyester 52%, Cotton 48%",Black,Yes,environmentalMarker,1021307001,Long,women
358,Cotton T-shirt,[],,[reviewsLabel],,T-shirt in cotton jersey. Slightly wider neckline with narrow trim.,Short sleeve,,Round Neck,Cotton 100%,Light khaki green,Yes,,0979236019,,women
359,Fine-knit T-shirt,[],,[reviewsLabel],,"Straight-cut, relaxed-fit T-shirt in a fine-knit viscose blend. Dropped shoulders and a straight-cut hem with slits at sides. Ribbing at neckline and hem.",Short sleeve,Loose fit,Crew-neck,"Viscose 70%, Polyamide 30%",Black,Yes,environmentalMarker,0949684003,,women
360,Printed T-shirt,[],,[reviewsLabel],,T-shirt in soft cotton jersey with a printed design. Round neckline and short sleeves with sewn cuffs.,Short sleeve,,Round Neck,Cotton 100%,Dark gray/pink/purple/white/black,Yes,,0922205012,,women
361,Low-cut T-shirt,[],,[reviewsLabel],,T-shirt in soft viscose jersey with a scoop neckline at front.,Short sleeve,,Low-cut Neckline,Viscose 100%,Beige,Yes,environmentalMarker,0982756003,,women
362,H&M+ Wide-cut Cotton T-shirt,[],,[reviewsLabel],,Wide-cut T-shirt in soft cotton jersey with a ribbed neckline.,Short sleeve,Loose fit,Round Neck,Cotton 100%,White,Yes,,0966101002,,women
363,Oversized Printed T-shirt,[],,[reviewsLabel],,"Oversized T-shirt in cotton jersey with a printed design at front. Dropped shoulders and wide, elbow-length sleeves.",Short sleeve,Oversized,Round Neck,Cotton 100%,Black/red/white/blue,Yes,,1018158002,Long,women
364,Printed T-shirt,[],,[reviewsLabel],,Slightly oversized T-shirt in soft cotton jersey with a printed design. Crew neck and dropped shoulders.,Short sleeve,,Round Neck,Cotton 100%,Black/white/light blue/light purple,Yes,,0950728025,,women
365,Oversized Graphic T-shirt,[],,[reviewsLabel],,"Oversized T-shirt in soft, organic cotton jersey with a printed graphic design at front. Ribbed crew neck and dropped shoulders.",Short sleeve,Oversized,Round Neck,Cotton 100%,Light beige/black,Yes,environmentalMarker,0951378020,,women
366,Linen Jersey T-shirt,[],,[reviewsLabel],,Relaxed-fit T-shirt in melange linen jersey. Low-cut V-neck at front and dropped shoulders.,Short sleeve,Loose fit,Low-cut Neckline,Linen 100%,Light beige,Yes,,0989308006,,women
367,Graphic Design Crop T-shirt,[],,[reviewsLabel],,"Sex Education x H&M. Short, oversized T-shirt in cotton jersey with a graphic design. Ribbed neckline, heavily dropped shoulders, and short, wide sleeves. Roll-edge hem.",Short sleeve,Oversized,Round Neck,Cotton 100%,Dark red/gold-colored,Yes,environmentalMarker,0999151003,Crop,women
368,Printed T-shirt,[],,[reviewsLabel],,Relaxed-fit T-shirt in cotton jersey with a printed motif. Dropped shoulders and elbow-length sleeves.,Short sleeve,,Round Neck,Cotton 100%,White/black,Yes,,1031597002,Regular length,women
369,Oversized T-shirt,[],,[reviewsLabel],,"Oversized T-shirt in cotton jersey. Ribbed crew neck, dropped shoulders, and straight, elbow-length sleeves.",Short sleeve,Oversized,Round Neck,Cotton 100%,Powder pink,Yes,,0972246010,,women
370,Linen Jersey T-shirt,[],,[reviewsLabel],,Relaxed-fit T-shirt in melange linen jersey. Low-cut V-neck at front and dropped shoulders.,Short sleeve,Loose fit,Low-cut Neckline,Linen 100%,Light green,Yes,,0989308005,,women
371,Printed T-shirt,[],,[reviewsLabel],,Slightly oversized T-shirt in soft cotton jersey with a printed design. Crew neck and dropped shoulders.,Short sleeve,,Round Neck,Cotton 100%,Black/white/red/blue,Yes,,0950728016,,women
372,Wide-cut Cotton T-shirt,[],,[reviewsLabel],,Wide-cut T-shirt in soft cotton jersey with a ribbed neckline.,Short sleeve,Oversized,Round Neck,"Cotton 90%, Viscose 10%",Light gray melange,Yes,,0806388009,,women
373,H&M+ 2-pack T-shirts,[],,[reviewsLabel],,T-shirt in soft jersey made from a modal and cotton blend. Wide neckline and rounded hem.,Short sleeve,,Round Neck,"Shell: Cotton 50%, Modal 50%",Light gray melange/black,Yes,,0993012004,,women
374,Zodiac T-shirt,[],,[reviewsLabel],,Classic T-shirt in cotton jersey with a printed zodiac motif at front.,Short sleeve,Regular fit,Round Neck,Cotton 100%,White/neon green,Yes,,1009635004,Regular length,women
375,Cotton T-shirt,[],,[reviewsLabel],,T-shirt in cotton jersey. Slightly wider neckline with narrow trim.,Short sleeve,,Round Neck,Cotton 100%,Light blue,Yes,,0979236001,,women
376,H&M+ 2-pack T-shirts,[],,[reviewsLabel],,T-shirts in soft slub jersey made from a modal and cotton blend. Wide neckline and gently rounded hem.,Short sleeve,,Round Neck,"Cotton 50%, Modal 50%",Black,Yes,,0986152002,Regular length,women
377,Printed T-shirt,[],,[reviewsLabel],,Relaxed-fit T-shirt in jersey with a printed design at front. Dropped shoulders and ribbed neckline.,Short sleeve,,Round Neck,"Cotton 80%, Polyester 20%",Light gray melange/yellow,Yes,environmentalMarker,1004271004,,women
378,Printed T-shirt,[],,[reviewsLabel],,Sex Education x H&M. Oversized T-shirt in soft jersey with a printed motif at front. Dropped shoulders and wide sleeves.,Short sleeve,Oversized,Round Neck,Cotton 100%,Black/blue/orange,Yes,,0999058002,Regular length,women
379,Printed T-shirt,[],,[reviewsLabel],,Slightly oversized T-shirt in soft cotton jersey with a printed design. Crew neck and dropped shoulders.,Short sleeve,,Round Neck,Cotton 100%,White/blue/pink,Yes,,0950728024,,women
380,Printed Crop T-shirt,[],,[reviewsLabel],,"Boxy, crop T-shirt in jersey with a printed design at front. Ribbed crew neck, dropped shoulders, and short, wide sleeves. Roll-edge hem.",Short sleeve,Oversized,Round Neck,Cotton 100%,Dark blue/light blue/white/light pink/green,Yes,,0978114008,Crop,women
381,Printed T-shirt,[],,[reviewsLabel],,Relaxed-fit T-shirt in soft cotton jersey with a printed design. Ribbed neckline and dropped shoulders.,Short sleeve,,Round Neck,Cotton 100%,Dark gray/white,Yes,,0938083003,,women
382,H&M+ Modal-blend T-shirt,[],,[reviewsLabel],,"Oversized, straight-cut T-shirt in a soft modal and cotton blend. Ribbed neckline and heavily dropped shoulders.",Short sleeve,Oversized,Round Neck,"Cotton 50%, Modal 50%",White,Yes,,0940102002,,women
383,Ribbed Cotton T-shirt,[],,[reviewsLabel],,"Fitted, ribbed T-shirt in organic cotton stretch jersey.",Short sleeve,Fitted,Round Neck,"Cotton 95%, Elastane 5%",White,Yes,environmentalMarker,0800691007,,women
384,Linen T-shirt,[],,[reviewsLabel],,Straight-cut T-shirt in airy linen jersey. Low-cut V-neck and dropped shoulders.,Short sleeve,,Low-cut Neckline,Linen 100%,Orange,Yes,,0965452004,,women
385,Crop T-shirt,[],,[reviewsLabel],,"Slightly oversized crop T-shirt in soft cotton jersey with a printed design. Crew neck, heavily dropped shoulders, and wide, elbow-length sleeves.",Short sleeve,Oversized,Round Neck,Cotton 100%,White/dark blue,Yes,,0992852002,Crop,women
386,H&M+ Cotton Jersey T-shirt,[],,[reviewsLabel],,T-shirt in soft cotton jersey with a printed text detail at top.,Short sleeve,,Round Neck,Cotton 100%,Black/white,Yes,environmentalMarker,0990062001,,women
387,Low-cut T-shirt,[],,[reviewsLabel],,T-shirt in soft viscose jersey with a scoop neckline at front.,Short sleeve,,Low-cut Neckline,Viscose 100%,Dark khaki green,Yes,environmentalMarker,0982756004,,women
388,Wide-cut Cotton T-shirt,[],,[reviewsLabel],,Wide-cut T-shirt in soft cotton jersey with a ribbed neckline.,Short sleeve,Oversized,Round Neck,Cotton 100%,Black,Yes,,0806388001,,women
389,Ribbed T-shirt,[],,[reviewsLabel],,Fitted T-shirt in ribbed cotton jersey with a wide neckline.,Short sleeve,Fitted,Round Neck,"Cotton 85%, Viscose 10%, Elastane 5%",Gray melange,Yes,,0938690003,,women
390,Printed T-shirt,[],,[reviewsLabel],,Crew-neck T-shirt in soft cotton jersey with a printed design.,Short sleeve,,Round Neck,Cotton 100%,Light yellow/white,Yes,,0874122002,,women
391,Short Rugby Shirt,[],,[reviewsLabel],,"Sex Education x H&M. Short rugby shirt in soft jersey with a printed text design. Collar, button placket, and short sleeves.",Short sleeve,,,Cotton 100%,White/pink,Yes,environmentalMarker,1002539001,Short,women
