,title,description,price,color,gender,imageUrl,brand,composition,polyester,lyocell,cotton,hemp
0,Vintage Sunset T-Shirt,"Classic short sleeve t-shirt, retro inspired graphic",35.0,GARGOYLE GREY HEATHER,men,1/2341/3995/products/TCM2096-2048--2.jg.jpg?v=1628716985,tentree,"45% Recycled Polyester, 30% TENCEL Lyocell, 25% Organic Cotton",0.45,0.3,0.25,0.0
1,Vintage Sunset T-Shirt,"Classic short sleeve t-shirt, retro inspired graphic",35.0,GARGOYLE GREY HEATHER,men,1/2341/3995/products/TCM2096-2048--2.jg.jpg?v=1628716985,tentree,"45% Recycled Polyester, 30% TENCEL Lyocell, 25% Organic Cotton",0.45,0.3,0.25,0.0
2,Vintage Sunset T-Shirt,"Classic short sleeve t-shirt, retro inspired graphic",35.0,ELM WHITE HEATHER,men,1/2341/3995/products/TCM2096-2048--2.jg.jpg?v=1628716985,tentree,"45% Recycled Polyester, 30% TENCEL Lyocell, 25% Organic Cotton",0.45,0.3,0.25,0.0
3,Vintage Sunset T-Shirt,"Classic short sleeve t-shirt, retro inspired graphic",35.0,ELM WHITE HEATHER,men,1/2341/3995/products/TCM2096-2048--2.jg.jpg?v=1628716985,tentree,"45% Recycled Polyester, 30% TENCEL Lyocell, 25% Organic Cotton",0.45,0.3,0.25,0.0
4,Vintage Sunset T-Shirt,"Classic short sleeve t-shirt, retro inspired graphic",35.0,ELM WHITE HEATHER,men,1/2341/3995/products/TCM2096-2048--2.jg.jpg?v=1628716985,tentree,"45% Recycled Polyester, 30% TENCEL Lyocell, 25% Organic Cotton",0.45,0.3,0.25,0.0
5,Vintage Sunset T-Shirt,"Classic short sleeve t-shirt, retro inspired graphic",35.0,ELM WHITE HEATHER,men,1/2341/3995/products/TCM2096-2048--2.jg.jpg?v=1628716985,tentree,"45% Recycled Polyester, 30% TENCEL Lyocell, 25% Organic Cotton",0.45,0.3,0.25,0.0
6,Vintage Sunset T-Shirt,"Classic short sleeve t-shirt, retro inspired graphic",35.0,ELM WHITE HEATHER,men,1/2341/3995/products/TCM2096-2048--2.jg.jpg?v=1628716985,tentree,"45% Recycled Polyester, 30% TENCEL Lyocell, 25% Organic Cotton",0.45,0.3,0.25,0.0
7,Vintage Sunset T-Shirt,"Classic short sleeve t-shirt, retro inspired graphic",35.0,METEORITE BLACK HEATHER,men,1/2341/3995/products/TCM2096-2048--2.jg.jpg?v=1628716985,tentree,"45% Recycled Polyester, 30% TENCEL Lyocell, 25% Organic Cotton",0.45,0.3,0.25,0.0
8,Vintage Sunset T-Shirt,"Classic short sleeve t-shirt, retro inspired graphic",35.0,METEORITE BLACK HEATHER,men,1/2341/3995/products/TCM2096-2048--2.jg.jpg?v=1628716985,tentree,"45% Recycled Polyester, 30% TENCEL Lyocell, 25% Organic Cotton",0.45,0.3,0.25,0.0
9,Vintage Sunset T-Shirt,"Classic short sleeve t-shirt, retro inspired graphic",35.0,METEORITE BLACK HEATHER,men,1/2341/3995/products/TCM2096-2048--2.jg.jpg?v=1628716985,tentree,"45% Recycled Polyester, 30% TENCEL Lyocell, 25% Organic Cotton",0.45,0.3,0.25,0.0
10,Vintage Sunset T-Shirt,"Classic short sleeve t-shirt, retro inspired graphic",35.0,METEORITE BLACK HEATHER,men,1/2341/3995/products/TCM2096-2048--2.jg.jpg?v=1628716985,tentree,"45% Recycled Polyester, 30% TENCEL Lyocell, 25% Organic Cotton",0.45,0.3,0.25,0.0
11,Vintage Sunset T-Shirt,"Classic short sleeve t-shirt, retro inspired graphic",35.0,DRESS BLUE HEATHER,men,1/2341/3995/products/TCM2096-2048--2.jg.jpg?v=1628716985,tentree,"45% Recycled Polyester, 30% TENCEL Lyocell, 25% Organic Cotton",0.45,0.3,0.25,0.0
12,Vintage Sunset T-Shirt,"Classic short sleeve t-shirt, retro inspired graphic",35.0,DRESS BLUE HEATHER,men,1/2341/3995/products/TCM2096-2048--2.jg.jpg?v=1628716985,tentree,"45% Recycled Polyester, 30% TENCEL Lyocell, 25% Organic Cotton",0.45,0.3,0.25,0.0
13,Vintage Sunset T-Shirt,"Classic short sleeve t-shirt, retro inspired graphic",35.0,DRESS BLUE HEATHER,men,1/2341/3995/products/TCM2096-2048--2.jg.jpg?v=1628716985,tentree,"45% Recycled Polyester, 30% TENCEL Lyocell, 25% Organic Cotton",0.45,0.3,0.25,0.0
14,Vintage Sunset T-Shirt,"Classic short sleeve t-shirt, retro inspired graphic",35.0,DRESS BLUE HEATHER,men,1/2341/3995/products/TCM2096-2048--2.jg.jpg?v=1628716985,tentree,"45% Recycled Polyester, 30% TENCEL Lyocell, 25% Organic Cotton",0.45,0.3,0.25,0.0
15,Vintage Sunset T-Shirt,"Classic short sleeve t-shirt, retro inspired graphic",35.0,DRESS BLUE HEATHER,men,1/2341/3995/products/TCM2096-2048--2.jg.jpg?v=1628716985,tentree,"45% Recycled Polyester, 30% TENCEL Lyocell, 25% Organic Cotton",0.45,0.3,0.25,0.0
16,TreeBlend Classic Longsleeve,"Classic short sleeve t-shirt, retro inspired graphic",35.0,METEORITE BLACK HEATHER,men,1/2341/3995/products/TCM2607-04512.jpg?v=1613687395,tentree,"45% Recycled Polyester, 30% TENCEL Lyocell, 25% Organic Cotton",0.45,0.3,0.25,0.0
17,TreeBlend Classic Longsleeve,"Classic short sleeve t-shirt, retro inspired graphic",35.0,METEORITE BLACK HEATHER,men,1/2341/3995/products/TCM2607-04512.jpg?v=1613687395,tentree,"45% Recycled Polyester, 30% TENCEL Lyocell, 25% Organic Cotton",0.45,0.3,0.25,0.0
18,TreeBlend Classic Longsleeve,"Classic short sleeve t-shirt, retro inspired graphic",35.0,METEORITE BLACK HEATHER,men,1/2341/3995/products/TCM2607-04512.jpg?v=1613687395,tentree,"45% Recycled Polyester, 30% TENCEL Lyocell, 25% Organic Cotton",0.45,0.3,0.25,0.0
19,TreeBlend Classic Longsleeve,"Classic short sleeve t-shirt, retro inspired graphic",35.0,METEORITE BLACK HEATHER,men,1/2341/3995/products/TCM2607-04512.jpg?v=1613687395,tentree,"45% Recycled Polyester, 30% TENCEL Lyocell, 25% Organic Cotton",0.45,0.3,0.25,0.0
20,TreeBlend Classic Longsleeve,"Classic short sleeve t-shirt, retro inspired graphic",35.0,METEORITE BLACK HEATHER,men,1/2341/3995/products/TCM2607-04512.jpg?v=1613687395,tentree,"45% Recycled Polyester, 30% TENCEL Lyocell, 25% Organic Cotton",0.45,0.3,0.25,0.0
21,TreeBlend Classic Longsleeve,"Classic short sleeve t-shirt, retro inspired graphic",35.0,OLIVE NIGHT GREEN HEATHER,men,1/2341/3995/products/TCM2607-04512.jpg?v=1613687395,tentree,"45% Recycled Polyester, 30% TENCEL Lyocell, 25% Organic Cotton",0.45,0.3,0.25,0.0
22,TreeBlend Classic Longsleeve,"Classic short sleeve t-shirt, retro inspired graphic",35.0,OLIVE NIGHT GREEN HEATHER,men,1/2341/3995/products/TCM2607-04512.jpg?v=1613687395,tentree,"45% Recycled Polyester, 30% TENCEL Lyocell, 25% Organic Cotton",0.45,0.3,0.25,0.0
23,TreeBlend Classic Longsleeve,"Classic short sleeve t-shirt, retro inspired graphic",35.0,OLIVE NIGHT GREEN HEATHER,men,1/2341/3995/products/TCM2607-04512.jpg?v=1613687395,tentree,"45% Recycled Polyester, 30% TENCEL Lyocell, 25% Organic Cotton",0.45,0.3,0.25,0.0
24,TreeBlend Classic Longsleeve,"Classic short sleeve t-shirt, retro inspired graphic",35.0,OLIVE NIGHT GREEN HEATHER,men,1/2341/3995/products/TCM2607-04512.jpg?v=1613687395,tentree,"45% Recycled Polyester, 30% TENCEL Lyocell, 25% Organic Cotton",0.45,0.3,0.25,0.0
25,TreeBlend Classic Longsleeve,"Classic short sleeve t-shirt, retro inspired graphic",35.0,OLIVE NIGHT GREEN HEATHER,men,1/2341/3995/products/TCM2607-04512.jpg?v=1613687395,tentree,"45% Recycled Polyester, 30% TENCEL Lyocell, 25% Organic Cotton",0.45,0.3,0.25,0.0
26,TreeBlend Classic Longsleeve,"Classic short sleeve t-shirt, retro inspired graphic",35.0,DRESS BLUE HEATHER,men,1/2341/3995/products/TCM2607-04512.jpg?v=1613687395,tentree,"45% Recycled Polyester, 30% TENCEL Lyocell, 25% Organic Cotton",0.45,0.3,0.25,0.0
27,TreeBlend Classic Longsleeve,"Classic short sleeve t-shirt, retro inspired graphic",35.0,DRESS BLUE HEATHER,men,1/2341/3995/products/TCM2607-04512.jpg?v=1613687395,tentree,"45% Recycled Polyester, 30% TENCEL Lyocell, 25% Organic Cotton",0.45,0.3,0.25,0.0
28,TreeBlend Classic Longsleeve,"Classic short sleeve t-shirt, retro inspired graphic",35.0,DRESS BLUE HEATHER,men,1/2341/3995/products/TCM2607-04512.jpg?v=1613687395,tentree,"45% Recycled Polyester, 30% TENCEL Lyocell, 25% Organic Cotton",0.45,0.3,0.25,0.0
29,TreeBlend Classic Longsleeve,"Classic short sleeve t-shirt, retro inspired graphic",35.0,DRESS BLUE HEATHER,men,1/2341/3995/products/TCM2607-04512.jpg?v=1613687395,tentree,"45% Recycled Polyester, 30% TENCEL Lyocell, 25% Organic Cotton",0.45,0.3,0.25,0.0
30,TreeBlend Classic Longsleeve,"Classic short sleeve t-shirt, retro inspired graphic",35.0,DRESS BLUE HEATHER,men,1/2341/3995/products/TCM2607-04512.jpg?v=1613687395,tentree,"45% Recycled Polyester, 30% TENCEL Lyocell, 25% Organic Cotton",0.45,0.3,0.25,0.0
31,TreeBlend Classic Longsleeve,"Classic short sleeve t-shirt, retro inspired graphic",35.0,MULBERRY,men,1/2341/3995/products/TCM2607-04512.jpg?v=1613687395,tentree,"45% Recycled Polyester, 30% TENCEL Lyocell, 25% Organic Cotton",0.45,0.3,0.25,0.0
32,TreeBlend Classic Longsleeve,"Classic short sleeve t-shirt, retro inspired graphic",35.0,MULBERRY,men,1/2341/3995/products/TCM2607-04512.jpg?v=1613687395,tentree,"45% Recycled Polyester, 30% TENCEL Lyocell, 25% Organic Cotton",0.45,0.3,0.25,0.0
33,TreeBlend Classic Longsleeve,"Classic short sleeve t-shirt, retro inspired graphic",35.0,MULBERRY,men,1/2341/3995/products/TCM2607-04512.jpg?v=1613687395,tentree,"45% Recycled Polyester, 30% TENCEL Lyocell, 25% Organic Cotton",0.45,0.3,0.25,0.0
34,TreeBlend Classic Longsleeve,"Classic short sleeve t-shirt, retro inspired graphic",35.0,MULBERRY,men,1/2341/3995/products/TCM2607-04512.jpg?v=1613687395,tentree,"45% Recycled Polyester, 30% TENCEL Lyocell, 25% Organic Cotton",0.45,0.3,0.25,0.0
35,TreeBlend Classic Longsleeve,"Classic short sleeve t-shirt, retro inspired graphic",35.0,MULBERRY,men,1/2341/3995/products/TCM2607-04512.jpg?v=1613687395,tentree,"45% Recycled Polyester, 30% TENCEL Lyocell, 25% Organic Cotton",0.45,0.3,0.25,0.0
36,TreeBlend Classic T-Shirt,"Classic short sleeve t-shirt, retro inspired graphic",35.0,WHITE,men,1/2341/3995/products/TCM1869-00161-Edit_066347f2-606a-47a4-ad10-d1332a1fe6bb.jpg?v=1616627456,tentree,"45% Recycled Polyester, 30% TENCEL Lyocell, 25% Organic Cotton",0.45,0.3,0.25,0.0
37,TreeBlend Classic T-Shirt,"Classic short sleeve t-shirt, retro inspired graphic",35.0,METEORITE BLACK HEATHER,men,1/2341/3995/products/TCM1869-00161-Edit_066347f2-606a-47a4-ad10-d1332a1fe6bb.jpg?v=1616627456,tentree,"45% Recycled Polyester, 30% TENCEL Lyocell, 25% Organic Cotton",0.45,0.3,0.25,0.0
38,TreeBlend Classic T-Shirt,"Classic short sleeve t-shirt, retro inspired graphic",35.0,METEORITE BLACK HEATHER,men,1/2341/3995/products/TCM1869-00161-Edit_066347f2-606a-47a4-ad10-d1332a1fe6bb.jpg?v=1616627456,tentree,"45% Recycled Polyester, 30% TENCEL Lyocell, 25% Organic Cotton",0.45,0.3,0.25,0.0
39,TreeBlend Classic T-Shirt,"Classic short sleeve t-shirt, retro inspired graphic",35.0,METEORITE BLACK HEATHER,men,1/2341/3995/products/TCM1869-00161-Edit_066347f2-606a-47a4-ad10-d1332a1fe6bb.jpg?v=1616627456,tentree,"45% Recycled Polyester, 30% TENCEL Lyocell, 25% Organic Cotton",0.45,0.3,0.25,0.0
40,TreeBlend Classic T-Shirt,"Classic short sleeve t-shirt, retro inspired graphic",35.0,METEORITE BLACK HEATHER,men,1/2341/3995/products/TCM1869-00161-Edit_066347f2-606a-47a4-ad10-d1332a1fe6bb.jpg?v=1616627456,tentree,"45% Recycled Polyester, 30% TENCEL Lyocell, 25% Organic Cotton",0.45,0.3,0.25,0.0
41,TreeBlend Classic T-Shirt,"Classic short sleeve t-shirt, retro inspired graphic",35.0,METEORITE BLACK HEATHER,men,1/2341/3995/products/TCM1869-00161-Edit_066347f2-606a-47a4-ad10-d1332a1fe6bb.jpg?v=1616627456,tentree,"45% Recycled Polyester, 30% TENCEL Lyocell, 25% Organic Cotton",0.45,0.3,0.25,0.0
42,TreeBlend Classic T-Shirt,"Classic short sleeve t-shirt, retro inspired graphic",35.0,FOXTROT BROWN HEATHER,men,1/2341/3995/products/TCM1869-00161-Edit_066347f2-606a-47a4-ad10-d1332a1fe6bb.jpg?v=1616627456,tentree,"45% Recycled Polyester, 30% TENCEL Lyocell, 25% Organic Cotton",0.45,0.3,0.25,0.0
43,TreeBlend Classic T-Shirt,"Classic short sleeve t-shirt, retro inspired graphic",35.0,FOXTROT BROWN HEATHER,men,1/2341/3995/products/TCM1869-00161-Edit_066347f2-606a-47a4-ad10-d1332a1fe6bb.jpg?v=1616627456,tentree,"45% Recycled Polyester, 30% TENCEL Lyocell, 25% Organic Cotton",0.45,0.3,0.25,0.0
44,TreeBlend Classic T-Shirt,"Classic short sleeve t-shirt, retro inspired graphic",35.0,FOXTROT BROWN HEATHER,men,1/2341/3995/products/TCM1869-00161-Edit_066347f2-606a-47a4-ad10-d1332a1fe6bb.jpg?v=1616627456,tentree,"45% Recycled Polyester, 30% TENCEL Lyocell, 25% Organic Cotton",0.45,0.3,0.25,0.0
45,TreeBlend Classic T-Shirt,"Classic short sleeve t-shirt, retro inspired graphic",35.0,FOXTROT BROWN HEATHER,men,1/2341/3995/products/TCM1869-00161-Edit_066347f2-606a-47a4-ad10-d1332a1fe6bb.jpg?v=1616627456,tentree,"45% Recycled Polyester, 30% TENCEL Lyocell, 25% Organic Cotton",0.45,0.3,0.25,0.0
46,TreeBlend Classic T-Shirt,"Classic short sleeve t-shirt, retro inspired graphic",35.0,FOXTROT BROWN HEATHER,men,1/2341/3995/products/TCM1869-00161-Edit_066347f2-606a-47a4-ad10-d1332a1fe6bb.jpg?v=1616627456,tentree,"45% Recycled Polyester, 30% TENCEL Lyocell, 25% Organic Cotton",0.45,0.3,0.25,0.0
47,TreeBlend Classic T-Shirt,"Classic short sleeve t-shirt, retro inspired graphic",35.0,CHERRY MAHOGANY HEATHER,men,1/2341/3995/products/TCM1869-00161-Edit_066347f2-606a-47a4-ad10-d1332a1fe6bb.jpg?v=1616627456,tentree,"45% Recycled Polyester, 30% TENCEL Lyocell, 25% Organic Cotton",0.45,0.3,0.25,0.0
48,TreeBlend Classic T-Shirt,"Classic short sleeve t-shirt, retro inspired graphic",35.0,CHERRY MAHOGANY HEATHER,men,1/2341/3995/products/TCM1869-00161-Edit_066347f2-606a-47a4-ad10-d1332a1fe6bb.jpg?v=1616627456,tentree,"45% Recycled Polyester, 30% TENCEL Lyocell, 25% Organic Cotton",0.45,0.3,0.25,0.0
49,TreeBlend Classic T-Shirt,"Classic short sleeve t-shirt, retro inspired graphic",35.0,CHERRY MAHOGANY HEATHER,men,1/2341/3995/products/TCM1869-00161-Edit_066347f2-606a-47a4-ad10-d1332a1fe6bb.jpg?v=1616627456,tentree,"45% Recycled Polyester, 30% TENCEL Lyocell, 25% Organic Cotton",0.45,0.3,0.25,0.0
50,TreeBlend Classic T-Shirt,"Classic short sleeve t-shirt, retro inspired graphic",35.0,CHERRY MAHOGANY HEATHER,men,1/2341/3995/products/TCM1869-00161-Edit_066347f2-606a-47a4-ad10-d1332a1fe6bb.jpg?v=1616627456,tentree,"45% Recycled Polyester, 30% TENCEL Lyocell, 25% Organic Cotton",0.45,0.3,0.25,0.0
51,TreeBlend Classic T-Shirt,"Classic short sleeve t-shirt, retro inspired graphic",35.0,CHERRY MAHOGANY HEATHER,men,1/2341/3995/products/TCM1869-00161-Edit_066347f2-606a-47a4-ad10-d1332a1fe6bb.jpg?v=1616627456,tentree,"45% Recycled Polyester, 30% TENCEL Lyocell, 25% Organic Cotton",0.45,0.3,0.25,0.0
52,TreeBlend Classic T-Shirt,"Classic short sleeve t-shirt, retro inspired graphic",35.0,AGAVE GREEN HEATHER,men,1/2341/3995/products/TCM1869-00161-Edit_066347f2-606a-47a4-ad10-d1332a1fe6bb.jpg?v=1616627456,tentree,"45% Recycled Polyester, 30% TENCEL Lyocell, 25% Organic Cotton",0.45,0.3,0.25,0.0
53,TreeBlend Classic T-Shirt,"Classic short sleeve t-shirt, retro inspired graphic",35.0,OLIVE NIGHT GREEN HEATHER,men,1/2341/3995/products/TCM1869-00161-Edit_066347f2-606a-47a4-ad10-d1332a1fe6bb.jpg?v=1616627456,tentree,"45% Recycled Polyester, 30% TENCEL Lyocell, 25% Organic Cotton",0.45,0.3,0.25,0.0
54,TreeBlend Classic T-Shirt,"Classic short sleeve t-shirt, retro inspired graphic",35.0,OLIVE NIGHT GREEN HEATHER,men,1/2341/3995/products/TCM1869-00161-Edit_066347f2-606a-47a4-ad10-d1332a1fe6bb.jpg?v=1616627456,tentree,"45% Recycled Polyester, 30% TENCEL Lyocell, 25% Organic Cotton",0.45,0.3,0.25,0.0
55,TreeBlend Classic T-Shirt,"Classic short sleeve t-shirt, retro inspired graphic",35.0,OLIVE NIGHT GREEN HEATHER,men,1/2341/3995/products/TCM1869-00161-Edit_066347f2-606a-47a4-ad10-d1332a1fe6bb.jpg?v=1616627456,tentree,"45% Recycled Polyester, 30% TENCEL Lyocell, 25% Organic Cotton",0.45,0.3,0.25,0.0
56,TreeBlend Classic T-Shirt,"Classic short sleeve t-shirt, retro inspired graphic",35.0,OLIVE NIGHT GREEN HEATHER,men,1/2341/3995/products/TCM1869-00161-Edit_066347f2-606a-47a4-ad10-d1332a1fe6bb.jpg?v=1616627456,tentree,"45% Recycled Polyester, 30% TENCEL Lyocell, 25% Organic Cotton",0.45,0.3,0.25,0.0
57,TreeBlend Classic T-Shirt,"Classic short sleeve t-shirt, retro inspired graphic",35.0,OLIVE NIGHT GREEN HEATHER,men,1/2341/3995/products/TCM1869-00161-Edit_066347f2-606a-47a4-ad10-d1332a1fe6bb.jpg?v=1616627456,tentree,"45% Recycled Polyester, 30% TENCEL Lyocell, 25% Organic Cotton",0.45,0.3,0.25,0.0
58,TreeBlend Classic T-Shirt,"Classic short sleeve t-shirt, retro inspired graphic",35.0,TWILIGHT MAUVE HEATHER,men,1/2341/3995/products/TCM1869-00161-Edit_066347f2-606a-47a4-ad10-d1332a1fe6bb.jpg?v=1616627456,tentree,"45% Recycled Polyester, 30% TENCEL Lyocell, 25% Organic Cotton",0.45,0.3,0.25,0.0
59,TreeBlend Classic T-Shirt,"Classic short sleeve t-shirt, retro inspired graphic",35.0,MIDNIGHT BLUE HEATHER,men,1/2341/3995/products/TCM1869-00161-Edit_066347f2-606a-47a4-ad10-d1332a1fe6bb.jpg?v=1616627456,tentree,"45% Recycled Polyester, 30% TENCEL Lyocell, 25% Organic Cotton",0.45,0.3,0.25,0.0
60,TreeBlend Classic T-Shirt,"Classic short sleeve t-shirt, retro inspired graphic",35.0,MIDNIGHT BLUE HEATHER,men,1/2341/3995/products/TCM1869-00161-Edit_066347f2-606a-47a4-ad10-d1332a1fe6bb.jpg?v=1616627456,tentree,"45% Recycled Polyester, 30% TENCEL Lyocell, 25% Organic Cotton",0.45,0.3,0.25,0.0
61,TreeBlend Classic T-Shirt,"Classic short sleeve t-shirt, retro inspired graphic",35.0,MIDNIGHT BLUE HEATHER,men,1/2341/3995/products/TCM1869-00161-Edit_066347f2-606a-47a4-ad10-d1332a1fe6bb.jpg?v=1616627456,tentree,"45% Recycled Polyester, 30% TENCEL Lyocell, 25% Organic Cotton",0.45,0.3,0.25,0.0
62,TreeBlend Classic T-Shirt,"Classic short sleeve t-shirt, retro inspired graphic",35.0,MIDNIGHT BLUE HEATHER,men,1/2341/3995/products/TCM1869-00161-Edit_066347f2-606a-47a4-ad10-d1332a1fe6bb.jpg?v=1616627456,tentree,"45% Recycled Polyester, 30% TENCEL Lyocell, 25% Organic Cotton",0.45,0.3,0.25,0.0
63,TreeBlend Classic T-Shirt,"Classic short sleeve t-shirt, retro inspired graphic",35.0,MIDNIGHT BLUE HEATHER,men,1/2341/3995/products/TCM1869-00161-Edit_066347f2-606a-47a4-ad10-d1332a1fe6bb.jpg?v=1616627456,tentree,"45% Recycled Polyester, 30% TENCEL Lyocell, 25% Organic Cotton",0.45,0.3,0.25,0.0
64,TreeBlend Classic T-Shirt,"Classic short sleeve t-shirt, retro inspired graphic",35.0,UNIFORM GREEN,men,1/2341/3995/products/TCM1869-00161-Edit_066347f2-606a-47a4-ad10-d1332a1fe6bb.jpg?v=1616627456,tentree,"45% Recycled Polyester, 30% TENCEL Lyocell, 25% Organic Cotton",0.45,0.3,0.25,0.0
65,TreeBlend Classic T-Shirt,"Classic short sleeve t-shirt, retro inspired graphic",35.0,UNIFORM GREEN,men,1/2341/3995/products/TCM1869-00161-Edit_066347f2-606a-47a4-ad10-d1332a1fe6bb.jpg?v=1616627456,tentree,"45% Recycled Polyester, 30% TENCEL Lyocell, 25% Organic Cotton",0.45,0.3,0.25,0.0
66,TreeBlend Classic T-Shirt,"Classic short sleeve t-shirt, retro inspired graphic",35.0,UNIFORM GREEN,men,1/2341/3995/products/TCM1869-00161-Edit_066347f2-606a-47a4-ad10-d1332a1fe6bb.jpg?v=1616627456,tentree,"45% Recycled Polyester, 30% TENCEL Lyocell, 25% Organic Cotton",0.45,0.3,0.25,0.0
67,TreeBlend Classic T-Shirt,"Classic short sleeve t-shirt, retro inspired graphic",35.0,UNIFORM GREEN,men,1/2341/3995/products/TCM1869-00161-Edit_066347f2-606a-47a4-ad10-d1332a1fe6bb.jpg?v=1616627456,tentree,"45% Recycled Polyester, 30% TENCEL Lyocell, 25% Organic Cotton",0.45,0.3,0.25,0.0
68,TreeBlend Classic T-Shirt,"Classic short sleeve t-shirt, retro inspired graphic",35.0,UNIFORM GREEN,men,1/2341/3995/products/TCM1869-00161-Edit_066347f2-606a-47a4-ad10-d1332a1fe6bb.jpg?v=1616627456,tentree,"45% Recycled Polyester, 30% TENCEL Lyocell, 25% Organic Cotton",0.45,0.3,0.25,0.0
69,TreeBlend Classic T-Shirt,"Classic short sleeve t-shirt, retro inspired graphic",35.0,METEORITE BLACK,men,1/2341/3995/products/TCM1869-00161-Edit_066347f2-606a-47a4-ad10-d1332a1fe6bb.jpg?v=1616627456,tentree,"45% Recycled Polyester, 30% TENCEL Lyocell, 25% Organic Cotton",0.45,0.3,0.25,0.0
70,TreeBlend Classic T-Shirt,"Classic short sleeve t-shirt, retro inspired graphic",35.0,METEORITE BLACK,men,1/2341/3995/products/TCM1869-00161-Edit_066347f2-606a-47a4-ad10-d1332a1fe6bb.jpg?v=1616627456,tentree,"45% Recycled Polyester, 30% TENCEL Lyocell, 25% Organic Cotton",0.45,0.3,0.25,0.0
71,TreeBlend Classic T-Shirt,"Classic short sleeve t-shirt, retro inspired graphic",35.0,METEORITE BLACK,men,1/2341/3995/products/TCM1869-00161-Edit_066347f2-606a-47a4-ad10-d1332a1fe6bb.jpg?v=1616627456,tentree,"45% Recycled Polyester, 30% TENCEL Lyocell, 25% Organic Cotton",0.45,0.3,0.25,0.0
72,TreeBlend Classic T-Shirt,"Classic short sleeve t-shirt, retro inspired graphic",35.0,METEORITE BLACK,men,1/2341/3995/products/TCM1869-00161-Edit_066347f2-606a-47a4-ad10-d1332a1fe6bb.jpg?v=1616627456,tentree,"45% Recycled Polyester, 30% TENCEL Lyocell, 25% Organic Cotton",0.45,0.3,0.25,0.0
73,TreeBlend Classic T-Shirt,"Classic short sleeve t-shirt, retro inspired graphic",35.0,METEORITE BLACK,men,1/2341/3995/products/TCM1869-00161-Edit_066347f2-606a-47a4-ad10-d1332a1fe6bb.jpg?v=1616627456,tentree,"45% Recycled Polyester, 30% TENCEL Lyocell, 25% Organic Cotton",0.45,0.3,0.25,0.0
74,TreeBlend Classic T-Shirt,"Classic short sleeve t-shirt, retro inspired graphic",35.0,MULBERRY HEATHER,men,1/2341/3995/products/TCM1869-00161-Edit_066347f2-606a-47a4-ad10-d1332a1fe6bb.jpg?v=1616627456,tentree,"45% Recycled Polyester, 30% TENCEL Lyocell, 25% Organic Cotton",0.45,0.3,0.25,0.0
75,TreeBlend Classic T-Shirt,"Classic short sleeve t-shirt, retro inspired graphic",35.0,MULBERRY HEATHER,men,1/2341/3995/products/TCM1869-00161-Edit_066347f2-606a-47a4-ad10-d1332a1fe6bb.jpg?v=1616627456,tentree,"45% Recycled Polyester, 30% TENCEL Lyocell, 25% Organic Cotton",0.45,0.3,0.25,0.0
76,TreeBlend Classic T-Shirt,"Classic short sleeve t-shirt, retro inspired graphic",35.0,MULBERRY HEATHER,men,1/2341/3995/products/TCM1869-00161-Edit_066347f2-606a-47a4-ad10-d1332a1fe6bb.jpg?v=1616627456,tentree,"45% Recycled Polyester, 30% TENCEL Lyocell, 25% Organic Cotton",0.45,0.3,0.25,0.0
77,TreeBlend Classic T-Shirt,"Classic short sleeve t-shirt, retro inspired graphic",35.0,MULBERRY HEATHER,men,1/2341/3995/products/TCM1869-00161-Edit_066347f2-606a-47a4-ad10-d1332a1fe6bb.jpg?v=1616627456,tentree,"45% Recycled Polyester, 30% TENCEL Lyocell, 25% Organic Cotton",0.45,0.3,0.25,0.0
78,TreeBlend Classic T-Shirt,"Classic short sleeve t-shirt, retro inspired graphic",35.0,MULBERRY HEATHER,men,1/2341/3995/products/TCM1869-00161-Edit_066347f2-606a-47a4-ad10-d1332a1fe6bb.jpg?v=1616627456,tentree,"45% Recycled Polyester, 30% TENCEL Lyocell, 25% Organic Cotton",0.45,0.3,0.25,0.0
79,Peru Embroidered Llama T-shirt,"Classic short sleeve t-shirt, retro inspired graphic",35.0,VINTAGE BLUE,men,1/2341/3995/products/TCM3497-2242-2124.jpg?v=1633562131,tentree,"45% Recycled Polyester, 30% TENCEL Lyocell, 25% Organic Cotton",0.45,0.3,0.25,0.0
80,Peru Embroidered Llama T-shirt,"Classic short sleeve t-shirt, retro inspired graphic",35.0,VINTAGE BLUE,men,1/2341/3995/products/TCM3497-2242-2124.jpg?v=1633562131,tentree,"45% Recycled Polyester, 30% TENCEL Lyocell, 25% Organic Cotton",0.45,0.3,0.25,0.0
81,Peru Embroidered Llama T-shirt,"Classic short sleeve t-shirt, retro inspired graphic",35.0,VINTAGE BLUE,men,1/2341/3995/products/TCM3497-2242-2124.jpg?v=1633562131,tentree,"45% Recycled Polyester, 30% TENCEL Lyocell, 25% Organic Cotton",0.45,0.3,0.25,0.0
82,Peru Embroidered Llama T-shirt,"Classic short sleeve t-shirt, retro inspired graphic",35.0,VINTAGE BLUE,men,1/2341/3995/products/TCM3497-2242-2124.jpg?v=1633562131,tentree,"45% Recycled Polyester, 30% TENCEL Lyocell, 25% Organic Cotton",0.45,0.3,0.25,0.0
83,Peru Embroidered Llama T-shirt,"Classic short sleeve t-shirt, retro inspired graphic",35.0,VINTAGE BLUE,men,1/2341/3995/products/TCM3497-2242-2124.jpg?v=1633562131,tentree,"45% Recycled Polyester, 30% TENCEL Lyocell, 25% Organic Cotton",0.45,0.3,0.25,0.0
84,Peru Embroidered Llama T-shirt,"Classic short sleeve t-shirt, retro inspired graphic",35.0,AGAVE GREEN,men,1/2341/3995/products/TCM3497-2242-2124.jpg?v=1633562131,tentree,"45% Recycled Polyester, 30% TENCEL Lyocell, 25% Organic Cotton",0.45,0.3,0.25,0.0
85,Peru Embroidered Llama T-shirt,"Classic short sleeve t-shirt, retro inspired graphic",35.0,AGAVE GREEN,men,1/2341/3995/products/TCM3497-2242-2124.jpg?v=1633562131,tentree,"45% Recycled Polyester, 30% TENCEL Lyocell, 25% Organic Cotton",0.45,0.3,0.25,0.0
86,Peru Embroidered Llama T-shirt,"Classic short sleeve t-shirt, retro inspired graphic",35.0,AGAVE GREEN,men,1/2341/3995/products/TCM3497-2242-2124.jpg?v=1633562131,tentree,"45% Recycled Polyester, 30% TENCEL Lyocell, 25% Organic Cotton",0.45,0.3,0.25,0.0
87,Peru Embroidered Llama T-shirt,"Classic short sleeve t-shirt, retro inspired graphic",35.0,AGAVE GREEN,men,1/2341/3995/products/TCM3497-2242-2124.jpg?v=1633562131,tentree,"45% Recycled Polyester, 30% TENCEL Lyocell, 25% Organic Cotton",0.45,0.3,0.25,0.0
88,Peru Embroidered Llama T-shirt,"Classic short sleeve t-shirt, retro inspired graphic",35.0,AGAVE GREEN,men,1/2341/3995/products/TCM3497-2242-2124.jpg?v=1633562131,tentree,"45% Recycled Polyester, 30% TENCEL Lyocell, 25% Organic Cotton",0.45,0.3,0.25,0.0
89,Peru Embroidered Llama T-shirt,"Classic short sleeve t-shirt, retro inspired graphic",35.0,METEORITE BLACK,men,1/2341/3995/products/TCM3497-2242-2124.jpg?v=1633562131,tentree,"45% Recycled Polyester, 30% TENCEL Lyocell, 25% Organic Cotton",0.45,0.3,0.25,0.0
90,Peru Embroidered Llama T-shirt,"Classic short sleeve t-shirt, retro inspired graphic",35.0,METEORITE BLACK,men,1/2341/3995/products/TCM3497-2242-2124.jpg?v=1633562131,tentree,"45% Recycled Polyester, 30% TENCEL Lyocell, 25% Organic Cotton",0.45,0.3,0.25,0.0
91,Peru Embroidered Llama T-shirt,"Classic short sleeve t-shirt, retro inspired graphic",35.0,METEORITE BLACK,men,1/2341/3995/products/TCM3497-2242-2124.jpg?v=1633562131,tentree,"45% Recycled Polyester, 30% TENCEL Lyocell, 25% Organic Cotton",0.45,0.3,0.25,0.0
92,Peru Embroidered Llama T-shirt,"Classic short sleeve t-shirt, retro inspired graphic",35.0,METEORITE BLACK,men,1/2341/3995/products/TCM3497-2242-2124.jpg?v=1633562131,tentree,"45% Recycled Polyester, 30% TENCEL Lyocell, 25% Organic Cotton",0.45,0.3,0.25,0.0
93,Peru Embroidered Llama T-shirt,"Classic short sleeve t-shirt, retro inspired graphic",35.0,METEORITE BLACK,men,1/2341/3995/products/TCM3497-2242-2124.jpg?v=1633562131,tentree,"45% Recycled Polyester, 30% TENCEL Lyocell, 25% Organic Cotton",0.45,0.3,0.25,0.0
94,Peru Embroidered Llama T-shirt,"Classic short sleeve t-shirt, retro inspired graphic",35.0,HI RISE GREY,men,1/2341/3995/products/TCM3497-2242-2124.jpg?v=1633562131,tentree,"45% Recycled Polyester, 30% TENCEL Lyocell, 25% Organic Cotton",0.45,0.3,0.25,0.0
95,Destination T-Shirt,"Classic short sleeve t-shirt, retro inspired graphic",35.0,METEORITE BLACK,men,1/2341/3995/products/TCM1888-016416-Edit.jpg?v=1617750335,tentree,"45% Recycled Polyester, 30% TENCEL Lyocell, 25% Organic Cotton",0.45,0.3,0.25,0.0
96,Destination T-Shirt,"Classic short sleeve t-shirt, retro inspired graphic",35.0,METEORITE BLACK,men,1/2341/3995/products/TCM1888-016416-Edit.jpg?v=1617750335,tentree,"45% Recycled Polyester, 30% TENCEL Lyocell, 25% Organic Cotton",0.45,0.3,0.25,0.0
97,Destination T-Shirt,"Classic short sleeve t-shirt, retro inspired graphic",35.0,METEORITE BLACK,men,1/2341/3995/products/TCM1888-016416-Edit.jpg?v=1617750335,tentree,"45% Recycled Polyester, 30% TENCEL Lyocell, 25% Organic Cotton",0.45,0.3,0.25,0.0
98,Destination T-Shirt,"Classic short sleeve t-shirt, retro inspired graphic",35.0,METEORITE BLACK,men,1/2341/3995/products/TCM1888-016416-Edit.jpg?v=1617750335,tentree,"45% Recycled Polyester, 30% TENCEL Lyocell, 25% Organic Cotton",0.45,0.3,0.25,0.0
99,Destination T-Shirt,"Classic short sleeve t-shirt, retro inspired graphic",35.0,METEORITE BLACK,men,1/2341/3995/products/TCM1888-016416-Edit.jpg?v=1617750335,tentree,"45% Recycled Polyester, 30% TENCEL Lyocell, 25% Organic Cotton",0.45,0.3,0.25,0.0
100,tentree Winter Mountain T-Shirt,"Classic short sleeve t-shirt, retro inspired graphic",35.0,HI RISE GREY HEATHER,men,1/2341/3995/products/TCM3730-0346-1935.jpg?v=1633385052,tentree,"45% Recycled Polyester, 30% TENCEL Lyocell, 25% Organic Cotton",0.45,0.3,0.25,0.0
101,tentree Winter Mountain T-Shirt,"Classic short sleeve t-shirt, retro inspired graphic",35.0,HI RISE GREY HEATHER,men,1/2341/3995/products/TCM3730-0346-1935.jpg?v=1633385052,tentree,"45% Recycled Polyester, 30% TENCEL Lyocell, 25% Organic Cotton",0.45,0.3,0.25,0.0
102,tentree Winter Mountain T-Shirt,"Classic short sleeve t-shirt, retro inspired graphic",35.0,HI RISE GREY HEATHER,men,1/2341/3995/products/TCM3730-0346-1935.jpg?v=1633385052,tentree,"45% Recycled Polyester, 30% TENCEL Lyocell, 25% Organic Cotton",0.45,0.3,0.25,0.0
103,tentree Winter Mountain T-Shirt,"Classic short sleeve t-shirt, retro inspired graphic",35.0,HI RISE GREY HEATHER,men,1/2341/3995/products/TCM3730-0346-1935.jpg?v=1633385052,tentree,"45% Recycled Polyester, 30% TENCEL Lyocell, 25% Organic Cotton",0.45,0.3,0.25,0.0
104,tentree Winter Mountain T-Shirt,"Classic short sleeve t-shirt, retro inspired graphic",35.0,HI RISE GREY HEATHER,men,1/2341/3995/products/TCM3730-0346-1935.jpg?v=1633385052,tentree,"45% Recycled Polyester, 30% TENCEL Lyocell, 25% Organic Cotton",0.45,0.3,0.25,0.0
105,tentree Winter Mountain T-Shirt,"Classic short sleeve t-shirt, retro inspired graphic",35.0,MIDNIGHT BLUE,men,1/2341/3995/products/TCM3730-0346-1935.jpg?v=1633385052,tentree,"45% Recycled Polyester, 30% TENCEL Lyocell, 25% Organic Cotton",0.45,0.3,0.25,0.0
106,tentree Winter Mountain T-Shirt,"Classic short sleeve t-shirt, retro inspired graphic",35.0,MIDNIGHT BLUE,men,1/2341/3995/products/TCM3730-0346-1935.jpg?v=1633385052,tentree,"45% Recycled Polyester, 30% TENCEL Lyocell, 25% Organic Cotton",0.45,0.3,0.25,0.0
107,tentree Winter Mountain T-Shirt,"Classic short sleeve t-shirt, retro inspired graphic",35.0,MIDNIGHT BLUE,men,1/2341/3995/products/TCM3730-0346-1935.jpg?v=1633385052,tentree,"45% Recycled Polyester, 30% TENCEL Lyocell, 25% Organic Cotton",0.45,0.3,0.25,0.0
108,tentree Winter Mountain T-Shirt,"Classic short sleeve t-shirt, retro inspired graphic",35.0,MIDNIGHT BLUE,men,1/2341/3995/products/TCM3730-0346-1935.jpg?v=1633385052,tentree,"45% Recycled Polyester, 30% TENCEL Lyocell, 25% Organic Cotton",0.45,0.3,0.25,0.0
109,tentree Winter Mountain T-Shirt,"Classic short sleeve t-shirt, retro inspired graphic",35.0,MIDNIGHT BLUE,men,1/2341/3995/products/TCM3730-0346-1935.jpg?v=1633385052,tentree,"45% Recycled Polyester, 30% TENCEL Lyocell, 25% Organic Cotton",0.45,0.3,0.25,0.0
110,Human Change T-Shirt,"Classic short sleeve t-shirt, retro inspired graphic",35.0,HI RISE GREY HEATHER,men,1/2341/3995/products/TCM3731-0346-1994.jpg?v=1633385059,tentree,"45% Recycled Polyester, 30% TENCEL Lyocell, 25% Organic Cotton",0.45,0.3,0.25,0.0
111,Human Change T-Shirt,"Classic short sleeve t-shirt, retro inspired graphic",35.0,HI RISE GREY HEATHER,men,1/2341/3995/products/TCM3731-0346-1994.jpg?v=1633385059,tentree,"45% Recycled Polyester, 30% TENCEL Lyocell, 25% Organic Cotton",0.45,0.3,0.25,0.0
112,Human Change T-Shirt,"Classic short sleeve t-shirt, retro inspired graphic",35.0,HI RISE GREY HEATHER,men,1/2341/3995/products/TCM3731-0346-1994.jpg?v=1633385059,tentree,"45% Recycled Polyester, 30% TENCEL Lyocell, 25% Organic Cotton",0.45,0.3,0.25,0.0
113,Human Change T-Shirt,"Classic short sleeve t-shirt, retro inspired graphic",35.0,HI RISE GREY HEATHER,men,1/2341/3995/products/TCM3731-0346-1994.jpg?v=1633385059,tentree,"45% Recycled Polyester, 30% TENCEL Lyocell, 25% Organic Cotton",0.45,0.3,0.25,0.0
114,Human Change T-Shirt,"Classic short sleeve t-shirt, retro inspired graphic",35.0,HI RISE GREY HEATHER,men,1/2341/3995/products/TCM3731-0346-1994.jpg?v=1633385059,tentree,"45% Recycled Polyester, 30% TENCEL Lyocell, 25% Organic Cotton",0.45,0.3,0.25,0.0
115,Human Change T-Shirt,"Classic short sleeve t-shirt, retro inspired graphic",35.0,DARK FOREST GREEN,men,1/2341/3995/products/TCM3731-0346-1994.jpg?v=1633385059,tentree,"45% Recycled Polyester, 30% TENCEL Lyocell, 25% Organic Cotton",0.45,0.3,0.25,0.0
116,Human Change T-Shirt,"Classic short sleeve t-shirt, retro inspired graphic",35.0,DARK FOREST GREEN,men,1/2341/3995/products/TCM3731-0346-1994.jpg?v=1633385059,tentree,"45% Recycled Polyester, 30% TENCEL Lyocell, 25% Organic Cotton",0.45,0.3,0.25,0.0
117,Human Change T-Shirt,"Classic short sleeve t-shirt, retro inspired graphic",35.0,DARK FOREST GREEN,men,1/2341/3995/products/TCM3731-0346-1994.jpg?v=1633385059,tentree,"45% Recycled Polyester, 30% TENCEL Lyocell, 25% Organic Cotton",0.45,0.3,0.25,0.0
118,Human Change T-Shirt,"Classic short sleeve t-shirt, retro inspired graphic",35.0,DARK FOREST GREEN,men,1/2341/3995/products/TCM3731-0346-1994.jpg?v=1633385059,tentree,"45% Recycled Polyester, 30% TENCEL Lyocell, 25% Organic Cotton",0.45,0.3,0.25,0.0
119,Human Change T-Shirt,"Classic short sleeve t-shirt, retro inspired graphic",35.0,DARK FOREST GREEN,men,1/2341/3995/products/TCM3731-0346-1994.jpg?v=1633385059,tentree,"45% Recycled Polyester, 30% TENCEL Lyocell, 25% Organic Cotton",0.45,0.3,0.25,0.0
120,Smokey Says T-Shirt,"Classic short sleeve t-shirt, retro inspired graphic",35.0,JET BLACK,men,1/2341/3995/products/TCM4755-01041.jpg?v=1631211173,tentree,"45% Recycled Polyester, 30% TENCEL Lyocell, 25% Organic Cotton",0.45,0.3,0.25,0.0
121,Smokey Says T-Shirt,"Classic short sleeve t-shirt, retro inspired graphic",35.0,TRAVERTINE,men,1/2341/3995/products/TCM4755-01041.jpg?v=1631211173,tentree,"45% Recycled Polyester, 30% TENCEL Lyocell, 25% Organic Cotton",0.45,0.3,0.25,0.0
122,Smokey Prevent Wildfires T-Shirt,"Classic short sleeve t-shirt, retro inspired graphic",35.0,BALSAM,men,1/2341/3995/products/TCM4756-22481.jpg?v=1631821354,tentree,"45% Recycled Polyester, 30% TENCEL Lyocell, 25% Organic Cotton",0.45,0.3,0.25,0.0
123,Smokey Prevent Wildfires T-Shirt,"Classic short sleeve t-shirt, retro inspired graphic",35.0,BALSAM,men,1/2341/3995/products/TCM4756-22481.jpg?v=1631821354,tentree,"45% Recycled Polyester, 30% TENCEL Lyocell, 25% Organic Cotton",0.45,0.3,0.25,0.0
124,Smokey Prevent Wildfires T-Shirt,"Classic short sleeve t-shirt, retro inspired graphic",35.0,BALSAM,men,1/2341/3995/products/TCM4756-22481.jpg?v=1631821354,tentree,"45% Recycled Polyester, 30% TENCEL Lyocell, 25% Organic Cotton",0.45,0.3,0.25,0.0
125,Smokey Prevent Wildfires T-Shirt,"Classic short sleeve t-shirt, retro inspired graphic",35.0,BALSAM,men,1/2341/3995/products/TCM4756-22481.jpg?v=1631821354,tentree,"45% Recycled Polyester, 30% TENCEL Lyocell, 25% Organic Cotton",0.45,0.3,0.25,0.0
126,Smokey Prevent Wildfires T-Shirt,"Classic short sleeve t-shirt, retro inspired graphic",35.0,BALSAM,men,1/2341/3995/products/TCM4756-22481.jpg?v=1631821354,tentree,"45% Recycled Polyester, 30% TENCEL Lyocell, 25% Organic Cotton",0.45,0.3,0.25,0.0
127,Smokey Prevent Wildfires T-Shirt,"Classic short sleeve t-shirt, retro inspired graphic",35.0,TRAVERTINE,men,1/2341/3995/products/TCM4756-22481.jpg?v=1631821354,tentree,"45% Recycled Polyester, 30% TENCEL Lyocell, 25% Organic Cotton",0.45,0.3,0.25,0.0
128,Smokey Prevent Wildfires T-Shirt,"Classic short sleeve t-shirt, retro inspired graphic",35.0,TRAVERTINE,men,1/2341/3995/products/TCM4756-22481.jpg?v=1631821354,tentree,"45% Recycled Polyester, 30% TENCEL Lyocell, 25% Organic Cotton",0.45,0.3,0.25,0.0
129,Smokey Prevent Wildfires T-Shirt,"Classic short sleeve t-shirt, retro inspired graphic",35.0,TRAVERTINE,men,1/2341/3995/products/TCM4756-22481.jpg?v=1631821354,tentree,"45% Recycled Polyester, 30% TENCEL Lyocell, 25% Organic Cotton",0.45,0.3,0.25,0.0
130,Smokey Prevent Wildfires T-Shirt,"Classic short sleeve t-shirt, retro inspired graphic",35.0,TRAVERTINE,men,1/2341/3995/products/TCM4756-22481.jpg?v=1631821354,tentree,"45% Recycled Polyester, 30% TENCEL Lyocell, 25% Organic Cotton",0.45,0.3,0.25,0.0
131,Bear Claw T-Shirt,"Classic short sleeve t-shirt, retro inspired graphic",35.0,OLIVE NIGHT GREEN HEATHER,men,1/2341/3995/products/TCM3685-0464-0015.jpg?v=1634160787,tentree,"45% Recycled Polyester, 30% TENCEL Lyocell, 25% Organic Cotton",0.45,0.3,0.25,0.0
132,Bear Claw T-Shirt,"Classic short sleeve t-shirt, retro inspired graphic",35.0,OLIVE NIGHT GREEN HEATHER,men,1/2341/3995/products/TCM3685-0464-0015.jpg?v=1634160787,tentree,"45% Recycled Polyester, 30% TENCEL Lyocell, 25% Organic Cotton",0.45,0.3,0.25,0.0
133,Bear Claw T-Shirt,"Classic short sleeve t-shirt, retro inspired graphic",35.0,OLIVE NIGHT GREEN HEATHER,men,1/2341/3995/products/TCM3685-0464-0015.jpg?v=1634160787,tentree,"45% Recycled Polyester, 30% TENCEL Lyocell, 25% Organic Cotton",0.45,0.3,0.25,0.0
134,Bear Claw T-Shirt,"Classic short sleeve t-shirt, retro inspired graphic",35.0,OLIVE NIGHT GREEN HEATHER,men,1/2341/3995/products/TCM3685-0464-0015.jpg?v=1634160787,tentree,"45% Recycled Polyester, 30% TENCEL Lyocell, 25% Organic Cotton",0.45,0.3,0.25,0.0
135,Bear Claw T-Shirt,"Classic short sleeve t-shirt, retro inspired graphic",35.0,OLIVE NIGHT GREEN HEATHER,men,1/2341/3995/products/TCM3685-0464-0015.jpg?v=1634160787,tentree,"45% Recycled Polyester, 30% TENCEL Lyocell, 25% Organic Cotton",0.45,0.3,0.25,0.0
136,Bear Claw T-Shirt,"Classic short sleeve t-shirt, retro inspired graphic",35.0,CHERRY MAHOGANY HEATHER,men,1/2341/3995/products/TCM3685-0464-0015.jpg?v=1634160787,tentree,"45% Recycled Polyester, 30% TENCEL Lyocell, 25% Organic Cotton",0.45,0.3,0.25,0.0
137,Bear Claw T-Shirt,"Classic short sleeve t-shirt, retro inspired graphic",35.0,CHERRY MAHOGANY HEATHER,men,1/2341/3995/products/TCM3685-0464-0015.jpg?v=1634160787,tentree,"45% Recycled Polyester, 30% TENCEL Lyocell, 25% Organic Cotton",0.45,0.3,0.25,0.0
138,Bear Claw T-Shirt,"Classic short sleeve t-shirt, retro inspired graphic",35.0,CHERRY MAHOGANY HEATHER,men,1/2341/3995/products/TCM3685-0464-0015.jpg?v=1634160787,tentree,"45% Recycled Polyester, 30% TENCEL Lyocell, 25% Organic Cotton",0.45,0.3,0.25,0.0
139,Bear Claw T-Shirt,"Classic short sleeve t-shirt, retro inspired graphic",35.0,CHERRY MAHOGANY HEATHER,men,1/2341/3995/products/TCM3685-0464-0015.jpg?v=1634160787,tentree,"45% Recycled Polyester, 30% TENCEL Lyocell, 25% Organic Cotton",0.45,0.3,0.25,0.0
140,Bear Claw T-Shirt,"Classic short sleeve t-shirt, retro inspired graphic",35.0,METEORITE BLACK HEATHER,men,1/2341/3995/products/TCM3685-0464-0015.jpg?v=1634160787,tentree,"45% Recycled Polyester, 30% TENCEL Lyocell, 25% Organic Cotton",0.45,0.3,0.25,0.0
141,Bear Claw T-Shirt,"Classic short sleeve t-shirt, retro inspired graphic",35.0,METEORITE BLACK HEATHER,men,1/2341/3995/products/TCM3685-0464-0015.jpg?v=1634160787,tentree,"45% Recycled Polyester, 30% TENCEL Lyocell, 25% Organic Cotton",0.45,0.3,0.25,0.0
142,Bear Claw T-Shirt,"Classic short sleeve t-shirt, retro inspired graphic",35.0,METEORITE BLACK HEATHER,men,1/2341/3995/products/TCM3685-0464-0015.jpg?v=1634160787,tentree,"45% Recycled Polyester, 30% TENCEL Lyocell, 25% Organic Cotton",0.45,0.3,0.25,0.0
143,Bear Claw T-Shirt,"Classic short sleeve t-shirt, retro inspired graphic",35.0,METEORITE BLACK HEATHER,men,1/2341/3995/products/TCM3685-0464-0015.jpg?v=1634160787,tentree,"45% Recycled Polyester, 30% TENCEL Lyocell, 25% Organic Cotton",0.45,0.3,0.25,0.0
144,Bear Claw T-Shirt,"Classic short sleeve t-shirt, retro inspired graphic",35.0,METEORITE BLACK HEATHER,men,1/2341/3995/products/TCM3685-0464-0015.jpg?v=1634160787,tentree,"45% Recycled Polyester, 30% TENCEL Lyocell, 25% Organic Cotton",0.45,0.3,0.25,0.0
145,Bear Claw T-Shirt,"Classic short sleeve t-shirt, retro inspired graphic",35.0,RED MAHOGANY HEATHER,men,1/2341/3995/products/TCM3685-0464-0015.jpg?v=1634160787,tentree,"45% Recycled Polyester, 30% TENCEL Lyocell, 25% Organic Cotton",0.45,0.3,0.25,0.0
146,Bear Claw T-Shirt,"Classic short sleeve t-shirt, retro inspired graphic",35.0,RED MAHOGANY HEATHER,men,1/2341/3995/products/TCM3685-0464-0015.jpg?v=1634160787,tentree,"45% Recycled Polyester, 30% TENCEL Lyocell, 25% Organic Cotton",0.45,0.3,0.25,0.0
147,Bear Claw T-Shirt,"Classic short sleeve t-shirt, retro inspired graphic",35.0,RED MAHOGANY HEATHER,men,1/2341/3995/products/TCM3685-0464-0015.jpg?v=1634160787,tentree,"45% Recycled Polyester, 30% TENCEL Lyocell, 25% Organic Cotton",0.45,0.3,0.25,0.0
148,Bear Claw T-Shirt,"Classic short sleeve t-shirt, retro inspired graphic",35.0,RED MAHOGANY HEATHER,men,1/2341/3995/products/TCM3685-0464-0015.jpg?v=1634160787,tentree,"45% Recycled Polyester, 30% TENCEL Lyocell, 25% Organic Cotton",0.45,0.3,0.25,0.0
149,Bear Claw T-Shirt,"Classic short sleeve t-shirt, retro inspired graphic",35.0,RED MAHOGANY HEATHER,men,1/2341/3995/products/TCM3685-0464-0015.jpg?v=1634160787,tentree,"45% Recycled Polyester, 30% TENCEL Lyocell, 25% Organic Cotton",0.45,0.3,0.25,0.0
150,National Geographic Logo Unisex T-Shirt,"Classic short sleeve t-shirt, retro inspired graphic",35.0,DARK SEA,men,1/2341/3995/products/TCU4174-22301.jpg?v=1628369255,tentree,"45% Recycled Polyester, 30% TENCEL Lyocell, 25% Organic Cotton",0.45,0.3,0.25,0.0
151,National Geographic Logo Unisex T-Shirt,"Classic short sleeve t-shirt, retro inspired graphic",35.0,DARK SEA,men,1/2341/3995/products/TCU4174-22301.jpg?v=1628369255,tentree,"45% Recycled Polyester, 30% TENCEL Lyocell, 25% Organic Cotton",0.45,0.3,0.25,0.0
152,National Geographic Logo Unisex T-Shirt,"Classic short sleeve t-shirt, retro inspired graphic",35.0,DARK SEA,men,1/2341/3995/products/TCU4174-22301.jpg?v=1628369255,tentree,"45% Recycled Polyester, 30% TENCEL Lyocell, 25% Organic Cotton",0.45,0.3,0.25,0.0
153,National Geographic Logo Unisex T-Shirt,"Classic short sleeve t-shirt, retro inspired graphic",35.0,DARK SEA,men,1/2341/3995/products/TCU4174-22301.jpg?v=1628369255,tentree,"45% Recycled Polyester, 30% TENCEL Lyocell, 25% Organic Cotton",0.45,0.3,0.25,0.0
154,National Geographic Logo Unisex T-Shirt,"Classic short sleeve t-shirt, retro inspired graphic",35.0,DARK SEA,men,1/2341/3995/products/TCU4174-22301.jpg?v=1628369255,tentree,"45% Recycled Polyester, 30% TENCEL Lyocell, 25% Organic Cotton",0.45,0.3,0.25,0.0
155,National Geographic Redwood Unisex Longsleeve,"Classic short sleeve t-shirt, retro inspired graphic",35.0,SUPER LEMON,men,1/2341/3995/products/TCU4479-22291.jpg?v=1628369291,tentree,"45% Recycled Polyester, 30% TENCEL Lyocell, 25% Organic Cotton",0.45,0.3,0.25,0.0
156,National Geographic Redwood Unisex Longsleeve,"Classic short sleeve t-shirt, retro inspired graphic",35.0,SUPER LEMON,men,1/2341/3995/products/TCU4479-22291.jpg?v=1628369291,tentree,"45% Recycled Polyester, 30% TENCEL Lyocell, 25% Organic Cotton",0.45,0.3,0.25,0.0
157,National Geographic Redwood Unisex Longsleeve,"Classic short sleeve t-shirt, retro inspired graphic",35.0,SUPER LEMON,men,1/2341/3995/products/TCU4479-22291.jpg?v=1628369291,tentree,"45% Recycled Polyester, 30% TENCEL Lyocell, 25% Organic Cotton",0.45,0.3,0.25,0.0
158,National Geographic Redwood Unisex Longsleeve,"Classic short sleeve t-shirt, retro inspired graphic",35.0,SUPER LEMON,men,1/2341/3995/products/TCU4479-22291.jpg?v=1628369291,tentree,"45% Recycled Polyester, 30% TENCEL Lyocell, 25% Organic Cotton",0.45,0.3,0.25,0.0
159,Protect What We Plant T-Shirt,"Classic short sleeve t-shirt, retro inspired graphic",35.0,METEORITE BLACK HEATHER,men,1/2341/3995/products/TCM3713-04511.jg.jpg?v=1628369373,tentree,"45% Recycled Polyester, 30% TENCEL Lyocell, 25% Organic Cotton",0.45,0.3,0.25,0.0
160,Protect What We Plant T-Shirt,"Classic short sleeve t-shirt, retro inspired graphic",35.0,METEORITE BLACK HEATHER,men,1/2341/3995/products/TCM3713-04511.jg.jpg?v=1628369373,tentree,"45% Recycled Polyester, 30% TENCEL Lyocell, 25% Organic Cotton",0.45,0.3,0.25,0.0
161,Protect What We Plant T-Shirt,"Classic short sleeve t-shirt, retro inspired graphic",35.0,METEORITE BLACK HEATHER,men,1/2341/3995/products/TCM3713-04511.jg.jpg?v=1628369373,tentree,"45% Recycled Polyester, 30% TENCEL Lyocell, 25% Organic Cotton",0.45,0.3,0.25,0.0
162,Protect What We Plant T-Shirt,"Classic short sleeve t-shirt, retro inspired graphic",35.0,LICHEN GREEN HEATHER,men,1/2341/3995/products/TCM3713-04511.jg.jpg?v=1628369373,tentree,"45% Recycled Polyester, 30% TENCEL Lyocell, 25% Organic Cotton",0.45,0.3,0.25,0.0
163,Protect What We Plant T-Shirt,"Classic short sleeve t-shirt, retro inspired graphic",35.0,LICHEN GREEN HEATHER,men,1/2341/3995/products/TCM3713-04511.jg.jpg?v=1628369373,tentree,"45% Recycled Polyester, 30% TENCEL Lyocell, 25% Organic Cotton",0.45,0.3,0.25,0.0
164,Protect What We Plant T-Shirt,"Classic short sleeve t-shirt, retro inspired graphic",35.0,LICHEN GREEN HEATHER,men,1/2341/3995/products/TCM3713-04511.jg.jpg?v=1628369373,tentree,"45% Recycled Polyester, 30% TENCEL Lyocell, 25% Organic Cotton",0.45,0.3,0.25,0.0
165,Protect What We Plant T-Shirt,"Classic short sleeve t-shirt, retro inspired graphic",35.0,LICHEN GREEN HEATHER,men,1/2341/3995/products/TCM3713-04511.jg.jpg?v=1628369373,tentree,"45% Recycled Polyester, 30% TENCEL Lyocell, 25% Organic Cotton",0.45,0.3,0.25,0.0
166,Protect What We Plant T-Shirt,"Classic short sleeve t-shirt, retro inspired graphic",35.0,LICHEN GREEN HEATHER,men,1/2341/3995/products/TCM3713-04511.jg.jpg?v=1628369373,tentree,"45% Recycled Polyester, 30% TENCEL Lyocell, 25% Organic Cotton",0.45,0.3,0.25,0.0
167,National Geographic Redwood Unisex T-Shirt,"Classic short sleeve t-shirt, retro inspired graphic",35.0,JET BLACK,men,1/2341/3995/products/TCU4654-01646.jpg?v=1628369280,tentree,"45% Recycled Polyester, 30% TENCEL Lyocell, 25% Organic Cotton",0.45,0.3,0.25,0.0
168,National Geographic Redwood Unisex T-Shirt,"Classic short sleeve t-shirt, retro inspired graphic",35.0,JET BLACK,men,1/2341/3995/products/TCU4654-01646.jpg?v=1628369280,tentree,"45% Recycled Polyester, 30% TENCEL Lyocell, 25% Organic Cotton",0.45,0.3,0.25,0.0
169,National Geographic Banner Unisex Longsleeve,"Classic short sleeve t-shirt, retro inspired graphic",35.0,AFTERGLOW,men,1/2341/3995/products/TCU4175-22319.jpg?v=1628369268,tentree,"45% Recycled Polyester, 30% TENCEL Lyocell, 25% Organic Cotton",0.45,0.3,0.25,0.0
170,National Geographic Banner Unisex Longsleeve,"Classic short sleeve t-shirt, retro inspired graphic",35.0,AFTERGLOW,men,1/2341/3995/products/TCU4175-22319.jpg?v=1628369268,tentree,"45% Recycled Polyester, 30% TENCEL Lyocell, 25% Organic Cotton",0.45,0.3,0.25,0.0
171,National Geographic Banner Unisex Longsleeve,"Classic short sleeve t-shirt, retro inspired graphic",35.0,AFTERGLOW,men,1/2341/3995/products/TCU4175-22319.jpg?v=1628369268,tentree,"45% Recycled Polyester, 30% TENCEL Lyocell, 25% Organic Cotton",0.45,0.3,0.25,0.0
172,National Geographic Banner Unisex Longsleeve,"Classic short sleeve t-shirt, retro inspired graphic",35.0,AFTERGLOW,men,1/2341/3995/products/TCU4175-22319.jpg?v=1628369268,tentree,"45% Recycled Polyester, 30% TENCEL Lyocell, 25% Organic Cotton",0.45,0.3,0.25,0.0
173,Bike Around Print T-Shirt,"Classic short sleeve t-shirt, retro inspired graphic",35.0,LICHEN GREEN HEATHER,men,1/2341/3995/products/TCM3368-21121.jpg?v=1628611984,tentree,"45% Recycled Polyester, 30% TENCEL Lyocell, 25% Organic Cotton",0.45,0.3,0.25,0.0
174,Bike Around Print T-Shirt,"Classic short sleeve t-shirt, retro inspired graphic",35.0,LICHEN GREEN HEATHER,men,1/2341/3995/products/TCM3368-21121.jpg?v=1628611984,tentree,"45% Recycled Polyester, 30% TENCEL Lyocell, 25% Organic Cotton",0.45,0.3,0.25,0.0
175,Bike Around Print T-Shirt,"Classic short sleeve t-shirt, retro inspired graphic",35.0,LICHEN GREEN HEATHER,men,1/2341/3995/products/TCM3368-21121.jpg?v=1628611984,tentree,"45% Recycled Polyester, 30% TENCEL Lyocell, 25% Organic Cotton",0.45,0.3,0.25,0.0
176,Bike Around Print T-Shirt,"Classic short sleeve t-shirt, retro inspired graphic",35.0,LICHEN GREEN HEATHER,men,1/2341/3995/products/TCM3368-21121.jpg?v=1628611984,tentree,"45% Recycled Polyester, 30% TENCEL Lyocell, 25% Organic Cotton",0.45,0.3,0.25,0.0
177,Bike Around Print T-Shirt,"Classic short sleeve t-shirt, retro inspired graphic",35.0,TWILIGHT MAUVE HEATHER,men,1/2341/3995/products/TCM3368-21121.jpg?v=1628611984,tentree,"45% Recycled Polyester, 30% TENCEL Lyocell, 25% Organic Cotton",0.45,0.3,0.25,0.0
178,Bike Around Print T-Shirt,"Classic short sleeve t-shirt, retro inspired graphic",35.0,TWILIGHT MAUVE HEATHER,men,1/2341/3995/products/TCM3368-21121.jpg?v=1628611984,tentree,"45% Recycled Polyester, 30% TENCEL Lyocell, 25% Organic Cotton",0.45,0.3,0.25,0.0
179,Bike Around Print T-Shirt,"Classic short sleeve t-shirt, retro inspired graphic",35.0,TWILIGHT MAUVE HEATHER,men,1/2341/3995/products/TCM3368-21121.jpg?v=1628611984,tentree,"45% Recycled Polyester, 30% TENCEL Lyocell, 25% Organic Cotton",0.45,0.3,0.25,0.0
180,Bike Around Print T-Shirt,"Classic short sleeve t-shirt, retro inspired graphic",35.0,TWILIGHT MAUVE HEATHER,men,1/2341/3995/products/TCM3368-21121.jpg?v=1628611984,tentree,"45% Recycled Polyester, 30% TENCEL Lyocell, 25% Organic Cotton",0.45,0.3,0.25,0.0
181,Bike Around Print T-Shirt,"Classic short sleeve t-shirt, retro inspired graphic",35.0,TWILIGHT MAUVE HEATHER,men,1/2341/3995/products/TCM3368-21121.jpg?v=1628611984,tentree,"45% Recycled Polyester, 30% TENCEL Lyocell, 25% Organic Cotton",0.45,0.3,0.25,0.0
182,Bike Around Print T-Shirt,"Classic short sleeve t-shirt, retro inspired graphic",35.0,DRESS BLUE HEATHER,men,1/2341/3995/products/TCM3368-21121.jpg?v=1628611984,tentree,"45% Recycled Polyester, 30% TENCEL Lyocell, 25% Organic Cotton",0.45,0.3,0.25,0.0
183,Sasquatch Classic T-Shirt,"Classic short sleeve t-shirt, retro inspired graphic",35.0,GREY HEATHER,men,1/2341/3995/products/TCM3699-08591.jpg?v=1629501440,tentree,"45% Recycled Polyester, 30% TENCEL Lyocell, 25% Organic Cotton",0.45,0.3,0.25,0.0
184,Sasquatch Classic T-Shirt,"Classic short sleeve t-shirt, retro inspired graphic",35.0,GREY HEATHER,men,1/2341/3995/products/TCM3699-08591.jpg?v=1629501440,tentree,"45% Recycled Polyester, 30% TENCEL Lyocell, 25% Organic Cotton",0.45,0.3,0.25,0.0
185,Sasquatch Classic T-Shirt,"Classic short sleeve t-shirt, retro inspired graphic",35.0,GREY HEATHER,men,1/2341/3995/products/TCM3699-08591.jpg?v=1629501440,tentree,"45% Recycled Polyester, 30% TENCEL Lyocell, 25% Organic Cotton",0.45,0.3,0.25,0.0
186,Sasquatch Classic T-Shirt,"Classic short sleeve t-shirt, retro inspired graphic",35.0,GREY HEATHER,men,1/2341/3995/products/TCM3699-08591.jpg?v=1629501440,tentree,"45% Recycled Polyester, 30% TENCEL Lyocell, 25% Organic Cotton",0.45,0.3,0.25,0.0
187,Sasquatch Classic T-Shirt,"Classic short sleeve t-shirt, retro inspired graphic",35.0,GREY HEATHER,men,1/2341/3995/products/TCM3699-08591.jpg?v=1629501440,tentree,"45% Recycled Polyester, 30% TENCEL Lyocell, 25% Organic Cotton",0.45,0.3,0.25,0.0
188,Sasquatch Classic T-Shirt,"Classic short sleeve t-shirt, retro inspired graphic",35.0,OLIVE NIGHT GREEN HEATHER,men,1/2341/3995/products/TCM3699-08591.jpg?v=1629501440,tentree,"45% Recycled Polyester, 30% TENCEL Lyocell, 25% Organic Cotton",0.45,0.3,0.25,0.0
189,Sasquatch Classic T-Shirt,"Classic short sleeve t-shirt, retro inspired graphic",35.0,OLIVE NIGHT GREEN HEATHER,men,1/2341/3995/products/TCM3699-08591.jpg?v=1629501440,tentree,"45% Recycled Polyester, 30% TENCEL Lyocell, 25% Organic Cotton",0.45,0.3,0.25,0.0
190,Sasquatch Classic T-Shirt,"Classic short sleeve t-shirt, retro inspired graphic",35.0,OLIVE NIGHT GREEN HEATHER,men,1/2341/3995/products/TCM3699-08591.jpg?v=1629501440,tentree,"45% Recycled Polyester, 30% TENCEL Lyocell, 25% Organic Cotton",0.45,0.3,0.25,0.0
191,Sasquatch Classic T-Shirt,"Classic short sleeve t-shirt, retro inspired graphic",35.0,OLIVE NIGHT GREEN HEATHER,men,1/2341/3995/products/TCM3699-08591.jpg?v=1629501440,tentree,"45% Recycled Polyester, 30% TENCEL Lyocell, 25% Organic Cotton",0.45,0.3,0.25,0.0
192,Sasquatch Classic T-Shirt,"Classic short sleeve t-shirt, retro inspired graphic",35.0,OLIVE NIGHT GREEN HEATHER,men,1/2341/3995/products/TCM3699-08591.jpg?v=1629501440,tentree,"45% Recycled Polyester, 30% TENCEL Lyocell, 25% Organic Cotton",0.45,0.3,0.25,0.0
193,Cove Classic T-Shirt,"Classic short sleeve t-shirt, retro inspired graphic",35.0,MIDNIGHT BLUE HEATHER,men,1/2341/3995/products/TCM1908-2047-0569.jpg?v=1633724993,tentree,"45% Recycled Polyester, 30% TENCEL Lyocell, 25% Organic Cotton",0.45,0.3,0.25,0.0
194,Cove Classic T-Shirt,"Classic short sleeve t-shirt, retro inspired graphic",35.0,MIDNIGHT BLUE HEATHER,men,1/2341/3995/products/TCM1908-2047-0569.jpg?v=1633724993,tentree,"45% Recycled Polyester, 30% TENCEL Lyocell, 25% Organic Cotton",0.45,0.3,0.25,0.0
195,Cove Classic T-Shirt,"Classic short sleeve t-shirt, retro inspired graphic",35.0,MIDNIGHT BLUE HEATHER,men,1/2341/3995/products/TCM1908-2047-0569.jpg?v=1633724993,tentree,"45% Recycled Polyester, 30% TENCEL Lyocell, 25% Organic Cotton",0.45,0.3,0.25,0.0
196,Cove Classic T-Shirt,"Classic short sleeve t-shirt, retro inspired graphic",35.0,MIDNIGHT BLUE HEATHER,men,1/2341/3995/products/TCM1908-2047-0569.jpg?v=1633724993,tentree,"45% Recycled Polyester, 30% TENCEL Lyocell, 25% Organic Cotton",0.45,0.3,0.25,0.0
197,Cove Classic T-Shirt,"Classic short sleeve t-shirt, retro inspired graphic",35.0,MIDNIGHT BLUE HEATHER,men,1/2341/3995/products/TCM1908-2047-0569.jpg?v=1633724993,tentree,"45% Recycled Polyester, 30% TENCEL Lyocell, 25% Organic Cotton",0.45,0.3,0.25,0.0
198,Cove Classic T-Shirt,"Classic short sleeve t-shirt, retro inspired graphic",35.0,MULBERRY HEATHER,men,1/2341/3995/products/TCM1908-2047-0569.jpg?v=1633724993,tentree,"45% Recycled Polyester, 30% TENCEL Lyocell, 25% Organic Cotton",0.45,0.3,0.25,0.0
199,Cove Classic T-Shirt,"Classic short sleeve t-shirt, retro inspired graphic",35.0,MULBERRY HEATHER,men,1/2341/3995/products/TCM1908-2047-0569.jpg?v=1633724993,tentree,"45% Recycled Polyester, 30% TENCEL Lyocell, 25% Organic Cotton",0.45,0.3,0.25,0.0
200,Cove Classic T-Shirt,"Classic short sleeve t-shirt, retro inspired graphic",35.0,MULBERRY HEATHER,men,1/2341/3995/products/TCM1908-2047-0569.jpg?v=1633724993,tentree,"45% Recycled Polyester, 30% TENCEL Lyocell, 25% Organic Cotton",0.45,0.3,0.25,0.0
201,Cove Classic T-Shirt,"Classic short sleeve t-shirt, retro inspired graphic",35.0,MULBERRY HEATHER,men,1/2341/3995/products/TCM1908-2047-0569.jpg?v=1633724993,tentree,"45% Recycled Polyester, 30% TENCEL Lyocell, 25% Organic Cotton",0.45,0.3,0.25,0.0
202,Cove Classic T-Shirt,"Classic short sleeve t-shirt, retro inspired graphic",35.0,MULBERRY HEATHER,men,1/2341/3995/products/TCM1908-2047-0569.jpg?v=1633724993,tentree,"45% Recycled Polyester, 30% TENCEL Lyocell, 25% Organic Cotton",0.45,0.3,0.25,0.0
203,Nepal Embroidered Yak T-Shirt,"Classic short sleeve t-shirt, retro inspired graphic",35.0,CHERRY MAHOGANY HEATHER,men,1/2341/3995/products/TCM3976-21151.jpg?v=1628493038,tentree,"45% Recycled Polyester, 30% TENCEL Lyocell, 25% Organic Cotton",0.45,0.3,0.25,0.0
204,Nepal Embroidered Yak T-Shirt,"Classic short sleeve t-shirt, retro inspired graphic",35.0,CHERRY MAHOGANY HEATHER,men,1/2341/3995/products/TCM3976-21151.jpg?v=1628493038,tentree,"45% Recycled Polyester, 30% TENCEL Lyocell, 25% Organic Cotton",0.45,0.3,0.25,0.0
205,Nepal Embroidered Yak T-Shirt,"Classic short sleeve t-shirt, retro inspired graphic",35.0,METEORITE BLACK HEATHER,men,1/2341/3995/products/TCM3976-21151.jpg?v=1628493038,tentree,"45% Recycled Polyester, 30% TENCEL Lyocell, 25% Organic Cotton",0.45,0.3,0.25,0.0
206,Nepal Embroidered Yak T-Shirt,"Classic short sleeve t-shirt, retro inspired graphic",35.0,METEORITE BLACK HEATHER,men,1/2341/3995/products/TCM3976-21151.jpg?v=1628493038,tentree,"45% Recycled Polyester, 30% TENCEL Lyocell, 25% Organic Cotton",0.45,0.3,0.25,0.0
207,Nepal Embroidered Yak T-Shirt,"Classic short sleeve t-shirt, retro inspired graphic",35.0,METEORITE BLACK HEATHER,men,1/2341/3995/products/TCM3976-21151.jpg?v=1628493038,tentree,"45% Recycled Polyester, 30% TENCEL Lyocell, 25% Organic Cotton",0.45,0.3,0.25,0.0
208,Nepal Embroidered Yak T-Shirt,"Classic short sleeve t-shirt, retro inspired graphic",35.0,METEORITE BLACK HEATHER,men,1/2341/3995/products/TCM3976-21151.jpg?v=1628493038,tentree,"45% Recycled Polyester, 30% TENCEL Lyocell, 25% Organic Cotton",0.45,0.3,0.25,0.0
209,Nepal Embroidered Yak T-Shirt,"Classic short sleeve t-shirt, retro inspired graphic",35.0,METEORITE BLACK HEATHER,men,1/2341/3995/products/TCM3976-21151.jpg?v=1628493038,tentree,"45% Recycled Polyester, 30% TENCEL Lyocell, 25% Organic Cotton",0.45,0.3,0.25,0.0
210,Embroidered Ten Classic T-Shirt,"Classic short sleeve t-shirt, retro inspired graphic",35.0,HI RISE GREY HEATHER,men,1/2341/3995/products/TCM3009-0346.jpg?v=1603842066,tentree,"45% Recycled Polyester, 30% TENCEL Lyocell, 25% Organic Cotton",0.45,0.3,0.25,0.0
211,Embroidered Ten Classic T-Shirt,"Classic short sleeve t-shirt, retro inspired graphic",35.0,HI RISE GREY HEATHER,men,1/2341/3995/products/TCM3009-0346.jpg?v=1603842066,tentree,"45% Recycled Polyester, 30% TENCEL Lyocell, 25% Organic Cotton",0.45,0.3,0.25,0.0
212,Embroidered Ten Classic T-Shirt,"Classic short sleeve t-shirt, retro inspired graphic",35.0,HI RISE GREY HEATHER,men,1/2341/3995/products/TCM3009-0346.jpg?v=1603842066,tentree,"45% Recycled Polyester, 30% TENCEL Lyocell, 25% Organic Cotton",0.45,0.3,0.25,0.0
213,Embroidered Ten Classic T-Shirt,"Classic short sleeve t-shirt, retro inspired graphic",35.0,HI RISE GREY HEATHER,men,1/2341/3995/products/TCM3009-0346.jpg?v=1603842066,tentree,"45% Recycled Polyester, 30% TENCEL Lyocell, 25% Organic Cotton",0.45,0.3,0.25,0.0
214,Embroidered Ten Classic T-Shirt,"Classic short sleeve t-shirt, retro inspired graphic",35.0,METEORITE BLACK HEATHER,men,1/2341/3995/products/TCM3009-0346.jpg?v=1603842066,tentree,"45% Recycled Polyester, 30% TENCEL Lyocell, 25% Organic Cotton",0.45,0.3,0.25,0.0
215,Embroidered Ten Classic T-Shirt,"Classic short sleeve t-shirt, retro inspired graphic",35.0,METEORITE BLACK HEATHER,men,1/2341/3995/products/TCM3009-0346.jpg?v=1603842066,tentree,"45% Recycled Polyester, 30% TENCEL Lyocell, 25% Organic Cotton",0.45,0.3,0.25,0.0
216,Embroidered Ten Classic T-Shirt,"Classic short sleeve t-shirt, retro inspired graphic",35.0,METEORITE BLACK HEATHER,men,1/2341/3995/products/TCM3009-0346.jpg?v=1603842066,tentree,"45% Recycled Polyester, 30% TENCEL Lyocell, 25% Organic Cotton",0.45,0.3,0.25,0.0
217,Embroidered Ten Classic T-Shirt,"Classic short sleeve t-shirt, retro inspired graphic",35.0,METEORITE BLACK HEATHER,men,1/2341/3995/products/TCM3009-0346.jpg?v=1603842066,tentree,"45% Recycled Polyester, 30% TENCEL Lyocell, 25% Organic Cotton",0.45,0.3,0.25,0.0
218,Embroidered Ten Classic T-Shirt,"Classic short sleeve t-shirt, retro inspired graphic",35.0,METEORITE BLACK HEATHER,men,1/2341/3995/products/TCM3009-0346.jpg?v=1603842066,tentree,"45% Recycled Polyester, 30% TENCEL Lyocell, 25% Organic Cotton",0.45,0.3,0.25,0.0
219,Embroidered Ten Classic T-Shirt,"Classic short sleeve t-shirt, retro inspired graphic",35.0,CHERRY MAHOGANY HEATHER,men,1/2341/3995/products/TCM3009-0346.jpg?v=1603842066,tentree,"45% Recycled Polyester, 30% TENCEL Lyocell, 25% Organic Cotton",0.45,0.3,0.25,0.0
220,Embroidered Ten Classic T-Shirt,"Classic short sleeve t-shirt, retro inspired graphic",35.0,CHERRY MAHOGANY HEATHER,men,1/2341/3995/products/TCM3009-0346.jpg?v=1603842066,tentree,"45% Recycled Polyester, 30% TENCEL Lyocell, 25% Organic Cotton",0.45,0.3,0.25,0.0
221,Embroidered Ten Classic T-Shirt,"Classic short sleeve t-shirt, retro inspired graphic",35.0,CHERRY MAHOGANY HEATHER,men,1/2341/3995/products/TCM3009-0346.jpg?v=1603842066,tentree,"45% Recycled Polyester, 30% TENCEL Lyocell, 25% Organic Cotton",0.45,0.3,0.25,0.0
222,Embroidered Ten Classic T-Shirt,"Classic short sleeve t-shirt, retro inspired graphic",35.0,DARK FOREST GREEN,men,1/2341/3995/products/TCM3009-0346.jpg?v=1603842066,tentree,"45% Recycled Polyester, 30% TENCEL Lyocell, 25% Organic Cotton",0.45,0.3,0.25,0.0
223,Embroidered Ten Classic T-Shirt,"Classic short sleeve t-shirt, retro inspired graphic",35.0,DARK FOREST GREEN,men,1/2341/3995/products/TCM3009-0346.jpg?v=1603842066,tentree,"45% Recycled Polyester, 30% TENCEL Lyocell, 25% Organic Cotton",0.45,0.3,0.25,0.0
224,Embroidered Ten Classic T-Shirt,"Classic short sleeve t-shirt, retro inspired graphic",35.0,DARK FOREST GREEN,men,1/2341/3995/products/TCM3009-0346.jpg?v=1603842066,tentree,"45% Recycled Polyester, 30% TENCEL Lyocell, 25% Organic Cotton",0.45,0.3,0.25,0.0
225,Embroidered Ten Classic T-Shirt,"Classic short sleeve t-shirt, retro inspired graphic",35.0,DARK FOREST GREEN,men,1/2341/3995/products/TCM3009-0346.jpg?v=1603842066,tentree,"45% Recycled Polyester, 30% TENCEL Lyocell, 25% Organic Cotton",0.45,0.3,0.25,0.0
226,Hemp V-Neck T-Shirt,,40.0,MULBERRY,women,1/2341/3995/products/TCW2673-20131.jpg?v=1626891452,tentree,"55% Hemp, 45% Recycled Polyester",0.45,0.0,0.0,0.55
227,Hemp V-Neck T-Shirt,,40.0,MULBERRY,women,1/2341/3995/products/TCW2673-20131.jpg?v=1626891452,tentree,"55% Hemp, 45% Recycled Polyester",0.45,0.0,0.0,0.55
228,Hemp V-Neck T-Shirt,,40.0,MULBERRY,women,1/2341/3995/products/TCW2673-20131.jpg?v=1626891452,tentree,"55% Hemp, 45% Recycled Polyester",0.45,0.0,0.0,0.55
229,Hemp V-Neck T-Shirt,,40.0,MULBERRY,women,1/2341/3995/products/TCW2673-20131.jpg?v=1626891452,tentree,"55% Hemp, 45% Recycled Polyester",0.45,0.0,0.0,0.55
230,Hemp V-Neck T-Shirt,,40.0,MULBERRY,women,1/2341/3995/products/TCW2673-20131.jpg?v=1626891452,tentree,"55% Hemp, 45% Recycled Polyester",0.45,0.0,0.0,0.55
231,Hemp V-Neck T-Shirt,,40.0,OLIVE NIGHT GREEN,women,1/2341/3995/products/TCW2673-20131.jpg?v=1626891452,tentree,"55% Hemp, 45% Recycled Polyester",0.45,0.0,0.0,0.55
232,Hemp V-Neck T-Shirt,,40.0,OLIVE NIGHT GREEN,women,1/2341/3995/products/TCW2673-20131.jpg?v=1626891452,tentree,"55% Hemp, 45% Recycled Polyester",0.45,0.0,0.0,0.55
233,Hemp V-Neck T-Shirt,,40.0,OLIVE NIGHT GREEN,women,1/2341/3995/products/TCW2673-20131.jpg?v=1626891452,tentree,"55% Hemp, 45% Recycled Polyester",0.45,0.0,0.0,0.55
234,Hemp V-Neck T-Shirt,,40.0,OLIVE NIGHT GREEN,women,1/2341/3995/products/TCW2673-20131.jpg?v=1626891452,tentree,"55% Hemp, 45% Recycled Polyester",0.45,0.0,0.0,0.55
235,Hemp V-Neck T-Shirt,,40.0,OLIVE NIGHT GREEN,women,1/2341/3995/products/TCW2673-20131.jpg?v=1626891452,tentree,"55% Hemp, 45% Recycled Polyester",0.45,0.0,0.0,0.55
236,Hemp V-Neck T-Shirt,,40.0,METEORITE BLACK,women,1/2341/3995/products/TCW2673-20131.jpg?v=1626891452,tentree,"55% Hemp, 45% Recycled Polyester",0.45,0.0,0.0,0.55
237,Hemp V-Neck T-Shirt,,40.0,METEORITE BLACK,women,1/2341/3995/products/TCW2673-20131.jpg?v=1626891452,tentree,"55% Hemp, 45% Recycled Polyester",0.45,0.0,0.0,0.55
238,Hemp V-Neck T-Shirt,,40.0,METEORITE BLACK,women,1/2341/3995/products/TCW2673-20131.jpg?v=1626891452,tentree,"55% Hemp, 45% Recycled Polyester",0.45,0.0,0.0,0.55
239,Hemp V-Neck T-Shirt,,40.0,METEORITE BLACK,women,1/2341/3995/products/TCW2673-20131.jpg?v=1626891452,tentree,"55% Hemp, 45% Recycled Polyester",0.45,0.0,0.0,0.55
240,Hemp V-Neck T-Shirt,,40.0,METEORITE BLACK,women,1/2341/3995/products/TCW2673-20131.jpg?v=1626891452,tentree,"55% Hemp, 45% Recycled Polyester",0.45,0.0,0.0,0.55
241,TreeBlend Classic T-Shirt,,40.0,AGAVE GREEN HEATHER,women,1/2341/3995/products/TCW2455-16353-Edit.jpg?v=1617920739,tentree,"55% Hemp, 45% Recycled Polyester",0.45,0.0,0.0,0.55
242,TreeBlend Classic T-Shirt,,40.0,AGAVE GREEN HEATHER,women,1/2341/3995/products/TCW2455-16353-Edit.jpg?v=1617920739,tentree,"55% Hemp, 45% Recycled Polyester",0.45,0.0,0.0,0.55
243,TreeBlend Classic T-Shirt,,40.0,AGAVE GREEN HEATHER,women,1/2341/3995/products/TCW2455-16353-Edit.jpg?v=1617920739,tentree,"55% Hemp, 45% Recycled Polyester",0.45,0.0,0.0,0.55
244,TreeBlend Classic T-Shirt,,40.0,AGAVE GREEN HEATHER,women,1/2341/3995/products/TCW2455-16353-Edit.jpg?v=1617920739,tentree,"55% Hemp, 45% Recycled Polyester",0.45,0.0,0.0,0.55
245,TreeBlend Classic T-Shirt,,40.0,AGAVE GREEN HEATHER,women,1/2341/3995/products/TCW2455-16353-Edit.jpg?v=1617920739,tentree,"55% Hemp, 45% Recycled Polyester",0.45,0.0,0.0,0.55
246,TreeBlend Classic T-Shirt,,40.0,ORCHID PINK HEATHER,women,1/2341/3995/products/TCW2455-16353-Edit.jpg?v=1617920739,tentree,"55% Hemp, 45% Recycled Polyester",0.45,0.0,0.0,0.55
247,TreeBlend Classic T-Shirt,,40.0,ORCHID PINK HEATHER,women,1/2341/3995/products/TCW2455-16353-Edit.jpg?v=1617920739,tentree,"55% Hemp, 45% Recycled Polyester",0.45,0.0,0.0,0.55
248,TreeBlend Classic T-Shirt,,40.0,ORCHID PINK HEATHER,women,1/2341/3995/products/TCW2455-16353-Edit.jpg?v=1617920739,tentree,"55% Hemp, 45% Recycled Polyester",0.45,0.0,0.0,0.55
249,TreeBlend Classic T-Shirt,,40.0,ORCHID PINK HEATHER,women,1/2341/3995/products/TCW2455-16353-Edit.jpg?v=1617920739,tentree,"55% Hemp, 45% Recycled Polyester",0.45,0.0,0.0,0.55
250,TreeBlend Classic T-Shirt,,40.0,ORCHID PINK HEATHER,women,1/2341/3995/products/TCW2455-16353-Edit.jpg?v=1617920739,tentree,"55% Hemp, 45% Recycled Polyester",0.45,0.0,0.0,0.55
251,TreeBlend Classic T-Shirt,,40.0,WHITE,women,1/2341/3995/products/TCW2455-16353-Edit.jpg?v=1617920739,tentree,"55% Hemp, 45% Recycled Polyester",0.45,0.0,0.0,0.55
252,TreeBlend Classic T-Shirt,,40.0,WHITE,women,1/2341/3995/products/TCW2455-16353-Edit.jpg?v=1617920739,tentree,"55% Hemp, 45% Recycled Polyester",0.45,0.0,0.0,0.55
253,TreeBlend Classic T-Shirt,,40.0,METEORITE BLACK HEATHER,women,1/2341/3995/products/TCW2455-16353-Edit.jpg?v=1617920739,tentree,"55% Hemp, 45% Recycled Polyester",0.45,0.0,0.0,0.55
254,TreeBlend Classic T-Shirt,,40.0,METEORITE BLACK HEATHER,women,1/2341/3995/products/TCW2455-16353-Edit.jpg?v=1617920739,tentree,"55% Hemp, 45% Recycled Polyester",0.45,0.0,0.0,0.55
255,TreeBlend Classic T-Shirt,,40.0,METEORITE BLACK HEATHER,women,1/2341/3995/products/TCW2455-16353-Edit.jpg?v=1617920739,tentree,"55% Hemp, 45% Recycled Polyester",0.45,0.0,0.0,0.55
256,TreeBlend Classic T-Shirt,,40.0,METEORITE BLACK HEATHER,women,1/2341/3995/products/TCW2455-16353-Edit.jpg?v=1617920739,tentree,"55% Hemp, 45% Recycled Polyester",0.45,0.0,0.0,0.55
257,TreeBlend Classic T-Shirt,,40.0,METEORITE BLACK HEATHER,women,1/2341/3995/products/TCW2455-16353-Edit.jpg?v=1617920739,tentree,"55% Hemp, 45% Recycled Polyester",0.45,0.0,0.0,0.55
258,TreeBlend Classic T-Shirt,,40.0,METEORITE BLACK HEATHER,women,1/2341/3995/products/TCW2455-16353-Edit.jpg?v=1617920739,tentree,"55% Hemp, 45% Recycled Polyester",0.45,0.0,0.0,0.55
259,TreeBlend Classic T-Shirt,,40.0,METEORITE BLACK,women,1/2341/3995/products/TCW2455-16353-Edit.jpg?v=1617920739,tentree,"55% Hemp, 45% Recycled Polyester",0.45,0.0,0.0,0.55
260,TreeBlend Classic T-Shirt,,40.0,METEORITE BLACK,women,1/2341/3995/products/TCW2455-16353-Edit.jpg?v=1617920739,tentree,"55% Hemp, 45% Recycled Polyester",0.45,0.0,0.0,0.55
261,TreeBlend Classic T-Shirt,,40.0,METEORITE BLACK,women,1/2341/3995/products/TCW2455-16353-Edit.jpg?v=1617920739,tentree,"55% Hemp, 45% Recycled Polyester",0.45,0.0,0.0,0.55
262,TreeBlend Classic T-Shirt,,40.0,METEORITE BLACK,women,1/2341/3995/products/TCW2455-16353-Edit.jpg?v=1617920739,tentree,"55% Hemp, 45% Recycled Polyester",0.45,0.0,0.0,0.55
263,TreeBlend Classic T-Shirt,,40.0,VINTAGE BLUE HEATHER,women,1/2341/3995/products/TCW2455-16353-Edit.jpg?v=1617920739,tentree,"55% Hemp, 45% Recycled Polyester",0.45,0.0,0.0,0.55
264,TreeBlend Classic T-Shirt,,40.0,VINTAGE BLUE HEATHER,women,1/2341/3995/products/TCW2455-16353-Edit.jpg?v=1617920739,tentree,"55% Hemp, 45% Recycled Polyester",0.45,0.0,0.0,0.55
265,TreeBlend Classic T-Shirt,,40.0,VINTAGE BLUE HEATHER,women,1/2341/3995/products/TCW2455-16353-Edit.jpg?v=1617920739,tentree,"55% Hemp, 45% Recycled Polyester",0.45,0.0,0.0,0.55
266,TreeBlend Classic T-Shirt,,40.0,VINTAGE BLUE HEATHER,women,1/2341/3995/products/TCW2455-16353-Edit.jpg?v=1617920739,tentree,"55% Hemp, 45% Recycled Polyester",0.45,0.0,0.0,0.55
267,TreeBlend Classic T-Shirt,,40.0,TWILIGHT MAUVE HEATHER,women,1/2341/3995/products/TCW2455-16353-Edit.jpg?v=1617920739,tentree,"55% Hemp, 45% Recycled Polyester",0.45,0.0,0.0,0.55
268,TreeBlend Classic T-Shirt,,40.0,TWILIGHT MAUVE HEATHER,women,1/2341/3995/products/TCW2455-16353-Edit.jpg?v=1617920739,tentree,"55% Hemp, 45% Recycled Polyester",0.45,0.0,0.0,0.55
269,TreeBlend Classic T-Shirt,,40.0,PERISCOPE GREY HEATHER,women,1/2341/3995/products/TCW2455-16353-Edit.jpg?v=1617920739,tentree,"55% Hemp, 45% Recycled Polyester",0.45,0.0,0.0,0.55
270,TreeBlend Classic T-Shirt,,40.0,PERISCOPE GREY HEATHER,women,1/2341/3995/products/TCW2455-16353-Edit.jpg?v=1617920739,tentree,"55% Hemp, 45% Recycled Polyester",0.45,0.0,0.0,0.55
271,TreeBlend Classic T-Shirt,,40.0,PERISCOPE GREY HEATHER,women,1/2341/3995/products/TCW2455-16353-Edit.jpg?v=1617920739,tentree,"55% Hemp, 45% Recycled Polyester",0.45,0.0,0.0,0.55
272,TreeBlend Classic T-Shirt,,40.0,PERISCOPE GREY HEATHER,women,1/2341/3995/products/TCW2455-16353-Edit.jpg?v=1617920739,tentree,"55% Hemp, 45% Recycled Polyester",0.45,0.0,0.0,0.55
273,TreeBlend Classic T-Shirt,,40.0,PERISCOPE GREY HEATHER,women,1/2341/3995/products/TCW2455-16353-Edit.jpg?v=1617920739,tentree,"55% Hemp, 45% Recycled Polyester",0.45,0.0,0.0,0.55
274,TreeBlend Classic T-Shirt,,40.0,DARK FOREST GREEN HEATHER,women,1/2341/3995/products/TCW2455-16353-Edit.jpg?v=1617920739,tentree,"55% Hemp, 45% Recycled Polyester",0.45,0.0,0.0,0.55
275,TreeBlend Classic T-Shirt,,40.0,DARK FOREST GREEN HEATHER,women,1/2341/3995/products/TCW2455-16353-Edit.jpg?v=1617920739,tentree,"55% Hemp, 45% Recycled Polyester",0.45,0.0,0.0,0.55
276,TreeBlend Classic T-Shirt,,40.0,DARK FOREST GREEN HEATHER,women,1/2341/3995/products/TCW2455-16353-Edit.jpg?v=1617920739,tentree,"55% Hemp, 45% Recycled Polyester",0.45,0.0,0.0,0.55
277,TreeBlend Classic T-Shirt,,40.0,DARK FOREST GREEN HEATHER,women,1/2341/3995/products/TCW2455-16353-Edit.jpg?v=1617920739,tentree,"55% Hemp, 45% Recycled Polyester",0.45,0.0,0.0,0.55
278,TreeBlend Classic T-Shirt,,40.0,DARK FOREST GREEN HEATHER,women,1/2341/3995/products/TCW2455-16353-Edit.jpg?v=1617920739,tentree,"55% Hemp, 45% Recycled Polyester",0.45,0.0,0.0,0.55
279,TreeBlend Classic T-Shirt,,40.0,MESA RED,women,1/2341/3995/products/TCW2455-16353-Edit.jpg?v=1617920739,tentree,"55% Hemp, 45% Recycled Polyester",0.45,0.0,0.0,0.55
280,TreeBlend Classic T-Shirt,,40.0,MESA RED,women,1/2341/3995/products/TCW2455-16353-Edit.jpg?v=1617920739,tentree,"55% Hemp, 45% Recycled Polyester",0.45,0.0,0.0,0.55
281,TreeBlend Classic T-Shirt,,40.0,MESA RED,women,1/2341/3995/products/TCW2455-16353-Edit.jpg?v=1617920739,tentree,"55% Hemp, 45% Recycled Polyester",0.45,0.0,0.0,0.55
282,TreeBlend Classic T-Shirt,,40.0,MESA RED,women,1/2341/3995/products/TCW2455-16353-Edit.jpg?v=1617920739,tentree,"55% Hemp, 45% Recycled Polyester",0.45,0.0,0.0,0.55
283,TreeBlend Classic T-Shirt,,40.0,MESA RED,women,1/2341/3995/products/TCW2455-16353-Edit.jpg?v=1617920739,tentree,"55% Hemp, 45% Recycled Polyester",0.45,0.0,0.0,0.55
284,TreeBlend Classic T-Shirt,,40.0,MESA RED,women,1/2341/3995/products/TCW2455-16353-Edit.jpg?v=1617920739,tentree,"55% Hemp, 45% Recycled Polyester",0.45,0.0,0.0,0.55
285,Peru Embroidered Llama T-shirt,,40.0,APPLE BUTTER RED,women,1/2341/3995/products/TCW3502-20441.jpg?v=1628267410,tentree,"55% Hemp, 45% Recycled Polyester",0.45,0.0,0.0,0.55
286,Peru Embroidered Llama T-shirt,,40.0,APPLE BUTTER RED,women,1/2341/3995/products/TCW3502-20441.jpg?v=1628267410,tentree,"55% Hemp, 45% Recycled Polyester",0.45,0.0,0.0,0.55
287,Peru Embroidered Llama T-shirt,,40.0,APPLE BUTTER RED,women,1/2341/3995/products/TCW3502-20441.jpg?v=1628267410,tentree,"55% Hemp, 45% Recycled Polyester",0.45,0.0,0.0,0.55
288,Peru Embroidered Llama T-shirt,,40.0,APPLE BUTTER RED,women,1/2341/3995/products/TCW3502-20441.jpg?v=1628267410,tentree,"55% Hemp, 45% Recycled Polyester",0.45,0.0,0.0,0.55
289,Peru Embroidered Llama T-shirt,,40.0,METEORITE BLACK,women,1/2341/3995/products/TCW3502-20441.jpg?v=1628267410,tentree,"55% Hemp, 45% Recycled Polyester",0.45,0.0,0.0,0.55
290,Peru Embroidered Llama T-shirt,,40.0,METEORITE BLACK,women,1/2341/3995/products/TCW3502-20441.jpg?v=1628267410,tentree,"55% Hemp, 45% Recycled Polyester",0.45,0.0,0.0,0.55
291,Peru Embroidered Llama T-shirt,,40.0,METEORITE BLACK,women,1/2341/3995/products/TCW3502-20441.jpg?v=1628267410,tentree,"55% Hemp, 45% Recycled Polyester",0.45,0.0,0.0,0.55
292,Peru Embroidered Llama T-shirt,,40.0,METEORITE BLACK,women,1/2341/3995/products/TCW3502-20441.jpg?v=1628267410,tentree,"55% Hemp, 45% Recycled Polyester",0.45,0.0,0.0,0.55
293,Peru Embroidered Llama T-shirt,,40.0,METEORITE BLACK,women,1/2341/3995/products/TCW3502-20441.jpg?v=1628267410,tentree,"55% Hemp, 45% Recycled Polyester",0.45,0.0,0.0,0.55
294,Peru Embroidered Llama T-shirt,,40.0,AGAVE GREEN,women,1/2341/3995/products/TCW3502-20441.jpg?v=1628267410,tentree,"55% Hemp, 45% Recycled Polyester",0.45,0.0,0.0,0.55
295,Peru Embroidered Llama T-shirt,,40.0,AGAVE GREEN,women,1/2341/3995/products/TCW3502-20441.jpg?v=1628267410,tentree,"55% Hemp, 45% Recycled Polyester",0.45,0.0,0.0,0.55
296,Peru Embroidered Llama T-shirt,,40.0,AGAVE GREEN,women,1/2341/3995/products/TCW3502-20441.jpg?v=1628267410,tentree,"55% Hemp, 45% Recycled Polyester",0.45,0.0,0.0,0.55
297,Peru Embroidered Llama T-shirt,,40.0,AGAVE GREEN,women,1/2341/3995/products/TCW3502-20441.jpg?v=1628267410,tentree,"55% Hemp, 45% Recycled Polyester",0.45,0.0,0.0,0.55
298,Peru Embroidered Llama T-shirt,,40.0,AGAVE GREEN,women,1/2341/3995/products/TCW3502-20441.jpg?v=1628267410,tentree,"55% Hemp, 45% Recycled Polyester",0.45,0.0,0.0,0.55
299,Peru Embroidered Llama T-shirt,,40.0,HI RISE GREY,women,1/2341/3995/products/TCW3502-20441.jpg?v=1628267410,tentree,"55% Hemp, 45% Recycled Polyester",0.45,0.0,0.0,0.55
300,Cropped Relaxed T-Shirt,,40.0,METEORITE BLACK,women,1/2341/3995/products/TCW4165-01643-Edit.jpg?v=1623699905,tentree,"55% Hemp, 45% Recycled Polyester",0.45,0.0,0.0,0.55
301,Cropped Relaxed T-Shirt,,40.0,METEORITE BLACK,women,1/2341/3995/products/TCW4165-01643-Edit.jpg?v=1623699905,tentree,"55% Hemp, 45% Recycled Polyester",0.45,0.0,0.0,0.55
302,Cropped Relaxed T-Shirt,,40.0,METEORITE BLACK,women,1/2341/3995/products/TCW4165-01643-Edit.jpg?v=1623699905,tentree,"55% Hemp, 45% Recycled Polyester",0.45,0.0,0.0,0.55
303,tentree Winter Mountain T-Shirt,,40.0,MIDNIGHT BLUE,women,1/2341/3995/products/TCW3598-2018-3267.jpg?v=1633384944,tentree,"55% Hemp, 45% Recycled Polyester",0.45,0.0,0.0,0.55
304,tentree Winter Mountain T-Shirt,,40.0,MIDNIGHT BLUE,women,1/2341/3995/products/TCW3598-2018-3267.jpg?v=1633384944,tentree,"55% Hemp, 45% Recycled Polyester",0.45,0.0,0.0,0.55
305,tentree Winter Mountain T-Shirt,,40.0,MIDNIGHT BLUE,women,1/2341/3995/products/TCW3598-2018-3267.jpg?v=1633384944,tentree,"55% Hemp, 45% Recycled Polyester",0.45,0.0,0.0,0.55
306,tentree Winter Mountain T-Shirt,,40.0,MIDNIGHT BLUE,women,1/2341/3995/products/TCW3598-2018-3267.jpg?v=1633384944,tentree,"55% Hemp, 45% Recycled Polyester",0.45,0.0,0.0,0.55
307,tentree Winter Mountain T-Shirt,,40.0,MIDNIGHT BLUE,women,1/2341/3995/products/TCW3598-2018-3267.jpg?v=1633384944,tentree,"55% Hemp, 45% Recycled Polyester",0.45,0.0,0.0,0.55
308,tentree Winter Mountain T-Shirt,,40.0,MESA RED,women,1/2341/3995/products/TCW3598-2018-3267.jpg?v=1633384944,tentree,"55% Hemp, 45% Recycled Polyester",0.45,0.0,0.0,0.55
309,tentree Winter Mountain T-Shirt,,40.0,MESA RED,women,1/2341/3995/products/TCW3598-2018-3267.jpg?v=1633384944,tentree,"55% Hemp, 45% Recycled Polyester",0.45,0.0,0.0,0.55
310,tentree Winter Mountain T-Shirt,,40.0,MESA RED,women,1/2341/3995/products/TCW3598-2018-3267.jpg?v=1633384944,tentree,"55% Hemp, 45% Recycled Polyester",0.45,0.0,0.0,0.55
311,tentree Winter Mountain T-Shirt,,40.0,MESA RED,women,1/2341/3995/products/TCW3598-2018-3267.jpg?v=1633384944,tentree,"55% Hemp, 45% Recycled Polyester",0.45,0.0,0.0,0.55
312,tentree Winter Mountain T-Shirt,,40.0,MESA RED,women,1/2341/3995/products/TCW3598-2018-3267.jpg?v=1633384944,tentree,"55% Hemp, 45% Recycled Polyester",0.45,0.0,0.0,0.55
313,Eco not Ego Embroidered T-Shirt,,40.0,METEORITE BLACK,women,1/2341/3995/products/TCW3601-0164-3774.jpg?v=1633384956,tentree,"55% Hemp, 45% Recycled Polyester",0.45,0.0,0.0,0.55
314,Eco not Ego Embroidered T-Shirt,,40.0,METEORITE BLACK,women,1/2341/3995/products/TCW3601-0164-3774.jpg?v=1633384956,tentree,"55% Hemp, 45% Recycled Polyester",0.45,0.0,0.0,0.55
315,Eco not Ego Embroidered T-Shirt,,40.0,METEORITE BLACK,women,1/2341/3995/products/TCW3601-0164-3774.jpg?v=1633384956,tentree,"55% Hemp, 45% Recycled Polyester",0.45,0.0,0.0,0.55
316,Eco not Ego Embroidered T-Shirt,,40.0,METEORITE BLACK,women,1/2341/3995/products/TCW3601-0164-3774.jpg?v=1633384956,tentree,"55% Hemp, 45% Recycled Polyester",0.45,0.0,0.0,0.55
317,Eco not Ego Embroidered T-Shirt,,40.0,METEORITE BLACK,women,1/2341/3995/products/TCW3601-0164-3774.jpg?v=1633384956,tentree,"55% Hemp, 45% Recycled Polyester",0.45,0.0,0.0,0.55
318,Listen To The Trees T-Shirt,,40.0,MIDNIGHT BLUE,women,1/2341/3995/products/TCW4224-2018-3286.jpg?v=1633385032,tentree,"55% Hemp, 45% Recycled Polyester",0.45,0.0,0.0,0.55
319,Listen To The Trees T-Shirt,,40.0,MIDNIGHT BLUE,women,1/2341/3995/products/TCW4224-2018-3286.jpg?v=1633385032,tentree,"55% Hemp, 45% Recycled Polyester",0.45,0.0,0.0,0.55
320,Listen To The Trees T-Shirt,,40.0,MIDNIGHT BLUE,women,1/2341/3995/products/TCW4224-2018-3286.jpg?v=1633385032,tentree,"55% Hemp, 45% Recycled Polyester",0.45,0.0,0.0,0.55
321,Listen To The Trees T-Shirt,,40.0,MIDNIGHT BLUE,women,1/2341/3995/products/TCW4224-2018-3286.jpg?v=1633385032,tentree,"55% Hemp, 45% Recycled Polyester",0.45,0.0,0.0,0.55
322,Listen To The Trees T-Shirt,,40.0,MIDNIGHT BLUE,women,1/2341/3995/products/TCW4224-2018-3286.jpg?v=1633385032,tentree,"55% Hemp, 45% Recycled Polyester",0.45,0.0,0.0,0.55
323,Listen To The Trees T-Shirt,,40.0,MULBERRY,women,1/2341/3995/products/TCW4224-2018-3286.jpg?v=1633385032,tentree,"55% Hemp, 45% Recycled Polyester",0.45,0.0,0.0,0.55
324,Listen To The Trees T-Shirt,,40.0,MULBERRY,women,1/2341/3995/products/TCW4224-2018-3286.jpg?v=1633385032,tentree,"55% Hemp, 45% Recycled Polyester",0.45,0.0,0.0,0.55
325,Listen To The Trees T-Shirt,,40.0,MULBERRY,women,1/2341/3995/products/TCW4224-2018-3286.jpg?v=1633385032,tentree,"55% Hemp, 45% Recycled Polyester",0.45,0.0,0.0,0.55
326,Listen To The Trees T-Shirt,,40.0,MULBERRY,women,1/2341/3995/products/TCW4224-2018-3286.jpg?v=1633385032,tentree,"55% Hemp, 45% Recycled Polyester",0.45,0.0,0.0,0.55
327,Listen To The Trees T-Shirt,,40.0,MULBERRY,women,1/2341/3995/products/TCW4224-2018-3286.jpg?v=1633385032,tentree,"55% Hemp, 45% Recycled Polyester",0.45,0.0,0.0,0.55
328,Smokey Says T-Shirt,,40.0,BALSAM,women,1/2341/3995/products/TCW4752-22496.jpg?v=1631639730,tentree,"55% Hemp, 45% Recycled Polyester",0.45,0.0,0.0,0.55
329,Smokey Says T-Shirt,,40.0,BALSAM,women,1/2341/3995/products/TCW4752-22496.jpg?v=1631639730,tentree,"55% Hemp, 45% Recycled Polyester",0.45,0.0,0.0,0.55
330,Smokey Says T-Shirt,,40.0,BALSAM,women,1/2341/3995/products/TCW4752-22496.jpg?v=1631639730,tentree,"55% Hemp, 45% Recycled Polyester",0.45,0.0,0.0,0.55
331,Smokey Says T-Shirt,,40.0,TRAVERTINE,women,1/2341/3995/products/TCW4752-22496.jpg?v=1631639730,tentree,"55% Hemp, 45% Recycled Polyester",0.45,0.0,0.0,0.55
332,Smokey Says T-Shirt,,40.0,TRAVERTINE,women,1/2341/3995/products/TCW4752-22496.jpg?v=1631639730,tentree,"55% Hemp, 45% Recycled Polyester",0.45,0.0,0.0,0.55
333,Smokey Says T-Shirt,,40.0,TRAVERTINE,women,1/2341/3995/products/TCW4752-22496.jpg?v=1631639730,tentree,"55% Hemp, 45% Recycled Polyester",0.45,0.0,0.0,0.55
334,Smokey Says T-Shirt,,40.0,TRAVERTINE,women,1/2341/3995/products/TCW4752-22496.jpg?v=1631639730,tentree,"55% Hemp, 45% Recycled Polyester",0.45,0.0,0.0,0.55
335,Smokey Says T-Shirt,,40.0,TRAVERTINE,women,1/2341/3995/products/TCW4752-22496.jpg?v=1631639730,tentree,"55% Hemp, 45% Recycled Polyester",0.45,0.0,0.0,0.55
336,National Geographic Redwood Unisex T-Shirt,,40.0,JET BLACK,women,1/2341/3995/products/TCU4654-01646.jpg?v=1628369280,tentree,"55% Hemp, 45% Recycled Polyester",0.45,0.0,0.0,0.55
337,National Geographic Redwood Unisex T-Shirt,,40.0,JET BLACK,women,1/2341/3995/products/TCU4654-01646.jpg?v=1628369280,tentree,"55% Hemp, 45% Recycled Polyester",0.45,0.0,0.0,0.55
338,National Geographic Banner Unisex Longsleeve,,40.0,AFTERGLOW,women,1/2341/3995/products/TCU4175-22319.jpg?v=1628369268,tentree,"55% Hemp, 45% Recycled Polyester",0.45,0.0,0.0,0.55
339,National Geographic Banner Unisex Longsleeve,,40.0,AFTERGLOW,women,1/2341/3995/products/TCU4175-22319.jpg?v=1628369268,tentree,"55% Hemp, 45% Recycled Polyester",0.45,0.0,0.0,0.55
340,National Geographic Banner Unisex Longsleeve,,40.0,AFTERGLOW,women,1/2341/3995/products/TCU4175-22319.jpg?v=1628369268,tentree,"55% Hemp, 45% Recycled Polyester",0.45,0.0,0.0,0.55
341,National Geographic Banner Unisex Longsleeve,,40.0,AFTERGLOW,women,1/2341/3995/products/TCU4175-22319.jpg?v=1628369268,tentree,"55% Hemp, 45% Recycled Polyester",0.45,0.0,0.0,0.55
342,Keep It Simple T-Shirt,,40.0,GREY HEATHER,women,1/2341/3995/products/TCW3566-08593.jpg?v=1628369431,tentree,"55% Hemp, 45% Recycled Polyester",0.45,0.0,0.0,0.55
343,Keep It Simple T-Shirt,,40.0,GREY HEATHER,women,1/2341/3995/products/TCW3566-08593.jpg?v=1628369431,tentree,"55% Hemp, 45% Recycled Polyester",0.45,0.0,0.0,0.55
344,Keep It Simple T-Shirt,,40.0,GREY HEATHER,women,1/2341/3995/products/TCW3566-08593.jpg?v=1628369431,tentree,"55% Hemp, 45% Recycled Polyester",0.45,0.0,0.0,0.55
345,Keep It Simple T-Shirt,,40.0,GREY HEATHER,women,1/2341/3995/products/TCW3566-08593.jpg?v=1628369431,tentree,"55% Hemp, 45% Recycled Polyester",0.45,0.0,0.0,0.55
346,Keep It Simple T-Shirt,,40.0,GREY HEATHER,women,1/2341/3995/products/TCW3566-08593.jpg?v=1628369431,tentree,"55% Hemp, 45% Recycled Polyester",0.45,0.0,0.0,0.55
347,Keep It Simple T-Shirt,,40.0,ORCHID PINK HEATHER,women,1/2341/3995/products/TCW3566-08593.jpg?v=1628369431,tentree,"55% Hemp, 45% Recycled Polyester",0.45,0.0,0.0,0.55
348,Keep It Simple T-Shirt,,40.0,ORCHID PINK HEATHER,women,1/2341/3995/products/TCW3566-08593.jpg?v=1628369431,tentree,"55% Hemp, 45% Recycled Polyester",0.45,0.0,0.0,0.55
349,Keep It Simple T-Shirt,,40.0,ORCHID PINK HEATHER,women,1/2341/3995/products/TCW3566-08593.jpg?v=1628369431,tentree,"55% Hemp, 45% Recycled Polyester",0.45,0.0,0.0,0.55
350,Keep It Simple T-Shirt,,40.0,ORCHID PINK HEATHER,women,1/2341/3995/products/TCW3566-08593.jpg?v=1628369431,tentree,"55% Hemp, 45% Recycled Polyester",0.45,0.0,0.0,0.55
351,Keep It Simple T-Shirt,,40.0,ORCHID PINK HEATHER,women,1/2341/3995/products/TCW3566-08593.jpg?v=1628369431,tentree,"55% Hemp, 45% Recycled Polyester",0.45,0.0,0.0,0.55
352,What We Stand On T-Shirt,,40.0,LICHEN GREEN HEATHER,women,1/2341/3995/products/TCW3571-21121.jpg?v=1629302520,tentree,"55% Hemp, 45% Recycled Polyester",0.45,0.0,0.0,0.55
353,What We Stand On T-Shirt,,40.0,LICHEN GREEN HEATHER,women,1/2341/3995/products/TCW3571-21121.jpg?v=1629302520,tentree,"55% Hemp, 45% Recycled Polyester",0.45,0.0,0.0,0.55
354,What We Stand On T-Shirt,,40.0,LICHEN GREEN HEATHER,women,1/2341/3995/products/TCW3571-21121.jpg?v=1629302520,tentree,"55% Hemp, 45% Recycled Polyester",0.45,0.0,0.0,0.55
355,What We Stand On T-Shirt,,40.0,LICHEN GREEN HEATHER,women,1/2341/3995/products/TCW3571-21121.jpg?v=1629302520,tentree,"55% Hemp, 45% Recycled Polyester",0.45,0.0,0.0,0.55
356,What We Stand On T-Shirt,,40.0,LICHEN GREEN HEATHER,women,1/2341/3995/products/TCW3571-21121.jpg?v=1629302520,tentree,"55% Hemp, 45% Recycled Polyester",0.45,0.0,0.0,0.55
357,What We Stand On T-Shirt,,40.0,GREY HEATHER,women,1/2341/3995/products/TCW3571-21121.jpg?v=1629302520,tentree,"55% Hemp, 45% Recycled Polyester",0.45,0.0,0.0,0.55
358,What We Stand On T-Shirt,,40.0,GREY HEATHER,women,1/2341/3995/products/TCW3571-21121.jpg?v=1629302520,tentree,"55% Hemp, 45% Recycled Polyester",0.45,0.0,0.0,0.55
359,What We Stand On T-Shirt,,40.0,GREY HEATHER,women,1/2341/3995/products/TCW3571-21121.jpg?v=1629302520,tentree,"55% Hemp, 45% Recycled Polyester",0.45,0.0,0.0,0.55
360,What We Stand On T-Shirt,,40.0,GREY HEATHER,women,1/2341/3995/products/TCW3571-21121.jpg?v=1629302520,tentree,"55% Hemp, 45% Recycled Polyester",0.45,0.0,0.0,0.55
361,What We Stand On T-Shirt,,40.0,GREY HEATHER,women,1/2341/3995/products/TCW3571-21121.jpg?v=1629302520,tentree,"55% Hemp, 45% Recycled Polyester",0.45,0.0,0.0,0.55
362,National Geographic Logo Unisex T-Shirt,,40.0,DARK SEA,women,1/2341/3995/products/TCU4174-22301.jpg?v=1628369255,tentree,"55% Hemp, 45% Recycled Polyester",0.45,0.0,0.0,0.55
363,National Geographic Logo Unisex T-Shirt,,40.0,DARK SEA,women,1/2341/3995/products/TCU4174-22301.jpg?v=1628369255,tentree,"55% Hemp, 45% Recycled Polyester",0.45,0.0,0.0,0.55
364,National Geographic Logo Unisex T-Shirt,,40.0,DARK SEA,women,1/2341/3995/products/TCU4174-22301.jpg?v=1628369255,tentree,"55% Hemp, 45% Recycled Polyester",0.45,0.0,0.0,0.55
365,National Geographic Logo Unisex T-Shirt,,40.0,DARK SEA,women,1/2341/3995/products/TCU4174-22301.jpg?v=1628369255,tentree,"55% Hemp, 45% Recycled Polyester",0.45,0.0,0.0,0.55
366,National Geographic Logo Unisex T-Shirt,,40.0,DARK SEA,women,1/2341/3995/products/TCU4174-22301.jpg?v=1628369255,tentree,"55% Hemp, 45% Recycled Polyester",0.45,0.0,0.0,0.55
367,National Geographic Redwood Unisex Longsleeve,,40.0,SUPER LEMON,women,1/2341/3995/products/TCU4479-22291.jpg?v=1628369291,tentree,"55% Hemp, 45% Recycled Polyester",0.45,0.0,0.0,0.55
368,National Geographic Redwood Unisex Longsleeve,,40.0,SUPER LEMON,women,1/2341/3995/products/TCU4479-22291.jpg?v=1628369291,tentree,"55% Hemp, 45% Recycled Polyester",0.45,0.0,0.0,0.55
369,National Geographic Redwood Unisex Longsleeve,,40.0,SUPER LEMON,women,1/2341/3995/products/TCU4479-22291.jpg?v=1628369291,tentree,"55% Hemp, 45% Recycled Polyester",0.45,0.0,0.0,0.55
370,National Geographic Redwood Unisex Longsleeve,,40.0,SUPER LEMON,women,1/2341/3995/products/TCU4479-22291.jpg?v=1628369291,tentree,"55% Hemp, 45% Recycled Polyester",0.45,0.0,0.0,0.55
371,Retro Juniper Classic T-Shirt,,40.0,ORCHID PINK HEATHER,women,1/2341/3995/products/TCW2447-2114_45870.jpg?v=1628717495,tentree,"55% Hemp, 45% Recycled Polyester",0.45,0.0,0.0,0.55
372,Retro Juniper Classic T-Shirt,,40.0,ORCHID PINK HEATHER,women,1/2341/3995/products/TCW2447-2114_45870.jpg?v=1628717495,tentree,"55% Hemp, 45% Recycled Polyester",0.45,0.0,0.0,0.55
373,Retro Juniper Classic T-Shirt,,40.0,ORCHID PINK HEATHER,women,1/2341/3995/products/TCW2447-2114_45870.jpg?v=1628717495,tentree,"55% Hemp, 45% Recycled Polyester",0.45,0.0,0.0,0.55
374,Retro Juniper Classic T-Shirt,,40.0,ORCHID PINK HEATHER,women,1/2341/3995/products/TCW2447-2114_45870.jpg?v=1628717495,tentree,"55% Hemp, 45% Recycled Polyester",0.45,0.0,0.0,0.55
375,Retro Juniper Classic T-Shirt,,40.0,ORCHID PINK HEATHER,women,1/2341/3995/products/TCW2447-2114_45870.jpg?v=1628717495,tentree,"55% Hemp, 45% Recycled Polyester",0.45,0.0,0.0,0.55
376,Retro Juniper Classic T-Shirt,,40.0,DRESS BLUE HEATHER,women,1/2341/3995/products/TCW2447-2114_45870.jpg?v=1628717495,tentree,"55% Hemp, 45% Recycled Polyester",0.45,0.0,0.0,0.55
377,Retro Juniper Classic T-Shirt,,40.0,DRESS BLUE HEATHER,women,1/2341/3995/products/TCW2447-2114_45870.jpg?v=1628717495,tentree,"55% Hemp, 45% Recycled Polyester",0.45,0.0,0.0,0.55
378,Retro Juniper Classic T-Shirt,,40.0,DRESS BLUE HEATHER,women,1/2341/3995/products/TCW2447-2114_45870.jpg?v=1628717495,tentree,"55% Hemp, 45% Recycled Polyester",0.45,0.0,0.0,0.55
379,Retro Juniper Classic T-Shirt,,40.0,DRESS BLUE HEATHER,women,1/2341/3995/products/TCW2447-2114_45870.jpg?v=1628717495,tentree,"55% Hemp, 45% Recycled Polyester",0.45,0.0,0.0,0.55
380,Retro Juniper Classic T-Shirt,,40.0,DRESS BLUE HEATHER,women,1/2341/3995/products/TCW2447-2114_45870.jpg?v=1628717495,tentree,"55% Hemp, 45% Recycled Polyester",0.45,0.0,0.0,0.55
381,Wildfire T-Shirt,,40.0,WHITE,women,1/2341/3995/products/TCW3574-00161.jpg?v=1628369141,tentree,"55% Hemp, 45% Recycled Polyester",0.45,0.0,0.0,0.55
382,Wildfire T-Shirt,,40.0,WHITE,women,1/2341/3995/products/TCW3574-00161.jpg?v=1628369141,tentree,"55% Hemp, 45% Recycled Polyester",0.45,0.0,0.0,0.55
383,Wildfire T-Shirt,,40.0,WHITE,women,1/2341/3995/products/TCW3574-00161.jpg?v=1628369141,tentree,"55% Hemp, 45% Recycled Polyester",0.45,0.0,0.0,0.55
384,Wildfire T-Shirt,,40.0,WHITE,women,1/2341/3995/products/TCW3574-00161.jpg?v=1628369141,tentree,"55% Hemp, 45% Recycled Polyester",0.45,0.0,0.0,0.55
385,Wildfire T-Shirt,,40.0,WHITE,women,1/2341/3995/products/TCW3574-00161.jpg?v=1628369141,tentree,"55% Hemp, 45% Recycled Polyester",0.45,0.0,0.0,0.55
386,Wildfire T-Shirt,,40.0,HI RISE GREY HEATHER,women,1/2341/3995/products/TCW3574-00161.jpg?v=1628369141,tentree,"55% Hemp, 45% Recycled Polyester",0.45,0.0,0.0,0.55
387,Wildfire T-Shirt,,40.0,HI RISE GREY HEATHER,women,1/2341/3995/products/TCW3574-00161.jpg?v=1628369141,tentree,"55% Hemp, 45% Recycled Polyester",0.45,0.0,0.0,0.55
388,Wildfire T-Shirt,,40.0,HI RISE GREY HEATHER,women,1/2341/3995/products/TCW3574-00161.jpg?v=1628369141,tentree,"55% Hemp, 45% Recycled Polyester",0.45,0.0,0.0,0.55
389,Wildfire T-Shirt,,40.0,HI RISE GREY HEATHER,women,1/2341/3995/products/TCW3574-00161.jpg?v=1628369141,tentree,"55% Hemp, 45% Recycled Polyester",0.45,0.0,0.0,0.55
390,Wildfire T-Shirt,,40.0,HI RISE GREY HEATHER,women,1/2341/3995/products/TCW3574-00161.jpg?v=1628369141,tentree,"55% Hemp, 45% Recycled Polyester",0.45,0.0,0.0,0.55
391,Peaks Embroidery T-Shirt,,40.0,BLACK OLIVE GREEN,women,1/2341/3995/products/TCW3563-20171.jpg?v=1627600850,tentree,"55% Hemp, 45% Recycled Polyester",0.45,0.0,0.0,0.55
392,Peaks Embroidery T-Shirt,,40.0,BLACK OLIVE GREEN,women,1/2341/3995/products/TCW3563-20171.jpg?v=1627600850,tentree,"55% Hemp, 45% Recycled Polyester",0.45,0.0,0.0,0.55
393,Peaks Embroidery T-Shirt,,40.0,BLACK OLIVE GREEN,women,1/2341/3995/products/TCW3563-20171.jpg?v=1627600850,tentree,"55% Hemp, 45% Recycled Polyester",0.45,0.0,0.0,0.55
394,Peaks Embroidery T-Shirt,,40.0,BLACK OLIVE GREEN,women,1/2341/3995/products/TCW3563-20171.jpg?v=1627600850,tentree,"55% Hemp, 45% Recycled Polyester",0.45,0.0,0.0,0.55
395,Peaks Embroidery T-Shirt,,40.0,BLACK OLIVE GREEN,women,1/2341/3995/products/TCW3563-20171.jpg?v=1627600850,tentree,"55% Hemp, 45% Recycled Polyester",0.45,0.0,0.0,0.55
396,Peaks Embroidery T-Shirt,,40.0,STORM BLUE,women,1/2341/3995/products/TCW3563-20171.jpg?v=1627600850,tentree,"55% Hemp, 45% Recycled Polyester",0.45,0.0,0.0,0.55
397,Peaks Embroidery T-Shirt,,40.0,STORM BLUE,women,1/2341/3995/products/TCW3563-20171.jpg?v=1627600850,tentree,"55% Hemp, 45% Recycled Polyester",0.45,0.0,0.0,0.55
398,Peaks Embroidery T-Shirt,,40.0,STORM BLUE,women,1/2341/3995/products/TCW3563-20171.jpg?v=1627600850,tentree,"55% Hemp, 45% Recycled Polyester",0.45,0.0,0.0,0.55
399,Peaks Embroidery T-Shirt,,40.0,STORM BLUE,women,1/2341/3995/products/TCW3563-20171.jpg?v=1627600850,tentree,"55% Hemp, 45% Recycled Polyester",0.45,0.0,0.0,0.55
400,Peaks Embroidery T-Shirt,,40.0,STORM BLUE,women,1/2341/3995/products/TCW3563-20171.jpg?v=1627600850,tentree,"55% Hemp, 45% Recycled Polyester",0.45,0.0,0.0,0.55
401,It Takes A Forest T-Shirt,,40.0,METEORITE BLACK,women,1/2341/3995/products/TCW3565-01642.jpg?v=1627600864,tentree,"55% Hemp, 45% Recycled Polyester",0.45,0.0,0.0,0.55
402,It Takes A Forest T-Shirt,,40.0,METEORITE BLACK,women,1/2341/3995/products/TCW3565-01642.jpg?v=1627600864,tentree,"55% Hemp, 45% Recycled Polyester",0.45,0.0,0.0,0.55
403,It Takes A Forest T-Shirt,,40.0,METEORITE BLACK,women,1/2341/3995/products/TCW3565-01642.jpg?v=1627600864,tentree,"55% Hemp, 45% Recycled Polyester",0.45,0.0,0.0,0.55
404,It Takes A Forest T-Shirt,,40.0,METEORITE BLACK,women,1/2341/3995/products/TCW3565-01642.jpg?v=1627600864,tentree,"55% Hemp, 45% Recycled Polyester",0.45,0.0,0.0,0.55
405,It Takes A Forest T-Shirt,,40.0,METEORITE BLACK,women,1/2341/3995/products/TCW3565-01642.jpg?v=1627600864,tentree,"55% Hemp, 45% Recycled Polyester",0.45,0.0,0.0,0.55
406,It Takes A Forest T-Shirt,,40.0,LICHEN GREEN,women,1/2341/3995/products/TCW3565-01642.jpg?v=1627600864,tentree,"55% Hemp, 45% Recycled Polyester",0.45,0.0,0.0,0.55
407,It Takes A Forest T-Shirt,,40.0,LICHEN GREEN,women,1/2341/3995/products/TCW3565-01642.jpg?v=1627600864,tentree,"55% Hemp, 45% Recycled Polyester",0.45,0.0,0.0,0.55
408,It Takes A Forest T-Shirt,,40.0,LICHEN GREEN,women,1/2341/3995/products/TCW3565-01642.jpg?v=1627600864,tentree,"55% Hemp, 45% Recycled Polyester",0.45,0.0,0.0,0.55
409,It Takes A Forest T-Shirt,,40.0,LICHEN GREEN,women,1/2341/3995/products/TCW3565-01642.jpg?v=1627600864,tentree,"55% Hemp, 45% Recycled Polyester",0.45,0.0,0.0,0.55
410,It Takes A Forest T-Shirt,,40.0,LICHEN GREEN,women,1/2341/3995/products/TCW3565-01642.jpg?v=1627600864,tentree,"55% Hemp, 45% Recycled Polyester",0.45,0.0,0.0,0.55
411,Cypress Tank,,40.0,APPLE BUTTER RED,women,1/2341/3995/products/TCW2933-2044.jpg?v=1627489565,tentree,"55% Hemp, 45% Recycled Polyester",0.45,0.0,0.0,0.55
412,Cypress Tank,,40.0,APPLE BUTTER RED,women,1/2341/3995/products/TCW2933-2044.jpg?v=1627489565,tentree,"55% Hemp, 45% Recycled Polyester",0.45,0.0,0.0,0.55
413,Cypress Tank,,40.0,APPLE BUTTER RED,women,1/2341/3995/products/TCW2933-2044.jpg?v=1627489565,tentree,"55% Hemp, 45% Recycled Polyester",0.45,0.0,0.0,0.55
414,Cypress Tank,,40.0,APPLE BUTTER RED,women,1/2341/3995/products/TCW2933-2044.jpg?v=1627489565,tentree,"55% Hemp, 45% Recycled Polyester",0.45,0.0,0.0,0.55
415,Cypress Tank,,40.0,PERISCOPE GREY,women,1/2341/3995/products/TCW2933-2044.jpg?v=1627489565,tentree,"55% Hemp, 45% Recycled Polyester",0.45,0.0,0.0,0.55
416,Cypress Tank,,40.0,PERISCOPE GREY,women,1/2341/3995/products/TCW2933-2044.jpg?v=1627489565,tentree,"55% Hemp, 45% Recycled Polyester",0.45,0.0,0.0,0.55
417,Cypress Tank,,40.0,PERISCOPE GREY,women,1/2341/3995/products/TCW2933-2044.jpg?v=1627489565,tentree,"55% Hemp, 45% Recycled Polyester",0.45,0.0,0.0,0.55
418,Cypress Tank,,40.0,PERISCOPE GREY,women,1/2341/3995/products/TCW2933-2044.jpg?v=1627489565,tentree,"55% Hemp, 45% Recycled Polyester",0.45,0.0,0.0,0.55
419,Cypress Tank,,40.0,PERISCOPE GREY,women,1/2341/3995/products/TCW2933-2044.jpg?v=1627489565,tentree,"55% Hemp, 45% Recycled Polyester",0.45,0.0,0.0,0.55
420,Cypress Tank,,40.0,METEORITE BLACK,women,1/2341/3995/products/TCW2933-2044.jpg?v=1627489565,tentree,"55% Hemp, 45% Recycled Polyester",0.45,0.0,0.0,0.55
421,Volcano Views T-Shirt,,40.0,ELM WHITE HEATHER,women,1/2341/3995/products/TCW3269_0453_P_1-Edit.jpg?v=1633368970,tentree,"55% Hemp, 45% Recycled Polyester",0.45,0.0,0.0,0.55
422,Volcano Views T-Shirt,,40.0,ELM WHITE HEATHER,women,1/2341/3995/products/TCW3269_0453_P_1-Edit.jpg?v=1633368970,tentree,"55% Hemp, 45% Recycled Polyester",0.45,0.0,0.0,0.55
423,Volcano Views T-Shirt,,40.0,ELM WHITE HEATHER,women,1/2341/3995/products/TCW3269_0453_P_1-Edit.jpg?v=1633368970,tentree,"55% Hemp, 45% Recycled Polyester",0.45,0.0,0.0,0.55
424,Volcano Views T-Shirt,,40.0,ELM WHITE HEATHER,women,1/2341/3995/products/TCW3269_0453_P_1-Edit.jpg?v=1633368970,tentree,"55% Hemp, 45% Recycled Polyester",0.45,0.0,0.0,0.55
