SN,title,color,imageUrl,price_euro,price_usd,material,gender,brand,care,rayon,nylon,spandex,acrylic,polyester,cupro,modal,lyocell,cotton
1,IDAA T-SHIRT MADE OF ORGANIC COTTON,white,https://www.armedangels.com/media/1234x1778x90/f2/ab/41/1617243542/idaa-white.jpg,25.13,28.65,100% Cotton (organic),women,Armed Angels,30бу normal wash; Do not bleach; Dry cleaning not possible Dry cleaning not possible; Drying in dryer not possible Drying in dryer not possible; do not iron hot do not iron hot,0,0,0,0,0,0,0,0,1
2,IDAA T-SHIRT MADE OF ORGANIC COTTON,black,https://www.armedangels.com/media/1234x1778x90/ab/de/23/1617847704/idaa-black.jpg,25.13,28.65,100% Cotton (organic),women,Armed Angels,30бу normal wash; Do not bleach; Dry cleaning not possible Dry cleaning not possible; Drying in dryer not possible Drying in dryer not possible; do not iron hot do not iron hot,0,0,0,0,0,0,0,0,1
3,IDAA T-SHIRT MADE OF ORGANIC COTTON,night sky,https://www.armedangels.com/media/1234x1778x90/d9/e8/32/1644464234/idaa-night01-sky.jpg,25.13,28.65,100% Cotton (organic),women,Armed Angels,30бу normal wash; Do not bleach; Dry cleaning not possible Dry cleaning not possible; Drying in dryer not possible Drying in dryer not possible; do not iron hot do not iron hot,0,0,0,0,0,0,0,0,1
4,IDAA T-SHIRT MADE OF ORGANIC COTTON,kinoko,https://www.armedangels.com/media/1048x1510x90/a4/6d/e0/1594924478/idaa-logo-kinoko.jpg,25.13,28.65,100% Cotton (organic),women,Armed Angels,30бу normal wash; Do not bleach; Dry cleaning not possible Dry cleaning not possible; Drying in dryer not possible Drying in dryer not possible; do not iron hot do not iron hot,0,0,0,0,0,0,0,0,1
5,IDAA T-SHIRT MADE OF ORGANIC COTTON,undyed,https://www.armedangels.com/media/1234x1778x90/2c/87/53/1644722539/-idaa01-undyed.jpg,25.13,28.65,100% Cotton (organic),women,Armed Angels,30бу normal wash; Do not bleach; Dry cleaning not possible Dry cleaning not possible; Drying in dryer not possible Drying in dryer not possible; do not iron hot do not iron hot,0,0,0,0,0,0,0,0,1
6,IDAA T-SHIRT MADE OF ORGANIC COTTON,ruby red,https://www.armedangels.com/media/1234x1778x90/dc/4e/63/1626318045/idaa-ruby-red.jpg,25.13,28.65,100% Cotton (organic),women,Armed Angels,30бу normal wash; Do not bleach; Dry cleaning not possible Dry cleaning not possible; Drying in dryer not possible Drying in dryer not possible; do not iron hot do not iron hot,0,0,0,0,0,0,0,0,1
7,IDAA T-SHIRT MADE OF ORGANIC COTTON,smoky almond,https://www.armedangels.com/media/1234x1778x90/1e/5a/35/1640317013/idaa-smoky-almond.jpg,25.13,28.65,100% Cotton (organic),women,Armed Angels,30бу normal wash; Do not bleach; Dry cleaning not possible Dry cleaning not possible; Drying in dryer not possible Drying in dryer not possible; do not iron hot do not iron hot,0,0,0,0,0,0,0,0,1
8,IDAA T-SHIRT MADE OF ORGANIC COTTON,graphite,https://www.armedangels.com/media/1048x1510x90/08/1d/67/1640317023/idaa-graphite-08.jpg,25.13,28.65,100% Cotton (organic),women,Armed Angels,30бу normal wash; Do not bleach; Dry cleaning not possible Dry cleaning not possible; Drying in dryer not possible Drying in dryer not possible; do not iron hot do not iron hot,0,0,0,0,0,0,0,0,1
9,IDAA T-SHIRT MADE OF ORGANIC COTTON,cloudbusting,https://www.armedangels.com/media/1048x1510x90/d3/c1/f2/1639711154/idaa-cloudbusting-08.jpg,25.13,28.65,100% Cotton (organic),women,Armed Angels,30бу normal wash; Do not bleach; Dry cleaning not possible Dry cleaning not possible; Drying in dryer not possible Drying in dryer not possible; do not iron hot do not iron hot,0,0,0,0,0,0,0,0,1
10,IDAA T-SHIRT MADE OF ORGANIC COTTON,dark poppy,https://www.armedangels.com/media/1234x1778x90/29/5e/89/1640317017/idaa-dark-poppy.jpg,25.13,28.65,100% Cotton (organic),women,Armed Angels,30бу normal wash; Do not bleach; Dry cleaning not possible Dry cleaning not possible; Drying in dryer not possible Drying in dryer not possible; do not iron hot do not iron hot,0,0,0,0,0,0,0,0,1
11,IDAA T-SHIRT MADE OF ORGANIC COTTON,peach blossom,https://www.armedangels.com/media/1234x1778x90/e2/df/50/1640317020/idaa-peach-blossom.jpg,25.13,28.65,100% Cotton (organic),women,Armed Angels,30бу normal wash; Do not bleach; Dry cleaning not possible Dry cleaning not possible; Drying in dryer not possible Drying in dryer not possible; do not iron hot do not iron hot,0,0,0,0,0,0,0,0,1
12,IDAA T-SHIRT MADE OF ORGANIC COTTON,purple noise,https://www.armedangels.com/media/1048x1510x90/73/06/c2/1644636332/idaa-purple-noise-08.jpg,25.13,28.65,100% Cotton (organic),women,Armed Angels,30бу normal wash; Do not bleach; Dry cleaning not possible Dry cleaning not possible; Drying in dryer not possible Drying in dryer not possible; do not iron hot do not iron hot,0,0,0,0,0,0,0,0,1
13,IDAA T-SHIRT MADE OF ORGANIC COTTON,hibiscus,https://www.armedangels.com/media/1234x1778x90/69/25/71/1644636328/idaa-hibiscus.jpg,25.13,28.65,100% Cotton (organic),women,Armed Angels,30бу normal wash; Do not bleach; Dry cleaning not possible Dry cleaning not possible; Drying in dryer not possible Drying in dryer not possible; do not iron hot do not iron hot,0,0,0,0,0,0,0,0,1
14,IDAA T-SHIRT MADE OF ORGANIC COTTON,golden harvest,https://www.armedangels.com/media/1234x1778x90/10/ae/eb/1623292092/idaa-golden-harvest.jpg,16.72,19.06,100% Cotton (organic),women,Armed Angels,30бу normal wash; Do not bleach; Dry cleaning not possible Dry cleaning not possible; Drying in dryer not possible Drying in dryer not possible; do not iron hot do not iron hot,0,0,0,0,0,0,0,0,1
15,OLAA BLOCK STRIPES LONGSLEEVE MADE OF ORGANIC COTTON,night sky-oatmilk,https://www.armedangels.com/media/1234x1777x90/86/09/42/1644292929/olaa-block-stripes-night-sky-oatmilk.jpg,41.93,47.80,100% Cotton (organic),women,Armed Angels,30бу normal wash; Do not bleach; Dry cleaning not possible Dry cleaning not possible; Drying in dryer not possible Drying in dryer not possible; do not iron hot do not iron hot,0,0,0,0,0,0,0,0,1
16,OLAA BLOCK STRIPES LONGSLEEVE MADE OF ORGANIC COTTON,smoky almond-oatmilk,https://www.armedangels.com/media/1234x1778x90/97/86/e3/1639194599/olaa-block-stripes-smoky-almond-oatmilk.jpg,41.93,47.80,100% Cotton (organic),women,Armed Angels,30бу normal wash; Do not bleach; Dry cleaning not possible Dry cleaning not possible; Drying in dryer not possible Drying in dryer not possible; do not iron hot do not iron hot,0,0,0,0,0,0,0,0,1
17,KAJAA MERCERIZED T-SHIRT MADE OF MERCERIZED ORGANIC COTTON,white,https://www.armedangels.com/media/1234x1778x90/a5/e1/f6/1642737458/kajaa-mercerized-white.jpg,33.53,38.22,100% Cotton (organic),women,Armed Angels,30бу normal wash; Do not bleach; Dry cleaning not possible Dry cleaning not possible; Drying in dryer not possible Drying in dryer not possible; do not iron hot do not iron hot,0,0,0,0,0,0,0,0,1
18,KAJAA MERCERIZED T-SHIRT MADE OF MERCERIZED ORGANIC COTTON,black,https://www.armedangels.com/media/1234x1778x90/20/79/30/1615432354/-kajaa01-black.jpg,33.53,38.22,100% Cotton (organic),women,Armed Angels,30бу normal wash; Do not bleach; Dry cleaning not possible Dry cleaning not possible; Drying in dryer not possible Drying in dryer not possible; do not iron hot do not iron hot,0,0,0,0,0,0,0,0,1
19,KAJAA MERCERIZED T-SHIRT MADE OF MERCERIZED ORGANIC COTTON,peach blossom light,https://www.armedangels.com/media/1234x1778x90/82/e5/02/1640144004/kajaa-mercerized-black-01.jpg,33.53,38.22,100% Cotton (organic),women,Armed Angels,30бу normal wash; Do not bleach; Dry cleaning not possible Dry cleaning not possible; Drying in dryer not possible Drying in dryer not possible; do not iron hot do not iron hot,0,0,0,0,0,0,0,0,1
20,KAJAA MERCERIZED T-SHIRT MADE OF MERCERIZED ORGANIC COTTON,dark poppy,https://www.armedangels.com/media/1234x1778x90/8f/51/f2/1642737460/kajaa-mercerized-dark-poppy.jpg,33.53,38.22,100% Cotton (organic),women,Armed Angels,30бу normal wash; Do not bleach; Dry cleaning not possible Dry cleaning not possible; Drying in dryer not possible Drying in dryer not possible; do not iron hot do not iron hot,0,0,0,0,0,0,0,0,1
21,KAJAA MERCERIZED T-SHIRT MADE OF MERCERIZED ORGANIC COTTON,cloudbusting,https://www.armedangels.com/media/1234x1778x90/8c/e2/b4/1639624723/kajaa-mercerized-cloudbusting.jpg,33.53,38.22,100% Cotton (organic),women,Armed Angels,30бу normal wash; Do not bleach; Dry cleaning not possible Dry cleaning not possible; Drying in dryer not possible Drying in dryer not possible; do not iron hot do not iron hot,0,0,0,0,0,0,0,0,1
22,KAJAA MERCERIZED T-SHIRT MADE OF MERCERIZED ORGANIC COTTON,kinoko,https://www.armedangels.com/media/1234x1778x90/23/57/df/1618021006/kajaa-kinoko.jpg,12.52,14.27,100% Cotton (organic),women,Armed Angels,30бу normal wash; Do not bleach; Dry cleaning not possible Dry cleaning not possible; Drying in dryer not possible Drying in dryer not possible; do not iron hot do not iron hot,0,0,0,0,0,0,0,0,1
23,LAYAA CHEST ICON T-SHIRT MADE OF ORGANIC COTTON,undyed,https://www.armedangels.com/media/1234x1778x90/e7/74/a0/1644293422/layaa-chest-icon-undyed.jpg,29.33,33.44,100% Cotton (organic),women,Armed Angels,30бу normal wash; Do not bleach; Dry cleaning not possible Dry cleaning not possible; Drying in dryer not possible Drying in dryer not possible; do not iron hot do not iron hot,0,0,0,0,0,0,0,0,1
24,LAYAA CHEST ICON T-SHIRT MADE OF ORGANIC COTTON,night sky,https://www.armedangels.com/media/1234x1777x90/53/65/38/1644552138/layaa-chest-icon-night-sky-05.jpg,29.33,33.44,100% Cotton (organic),women,Armed Angels,30бу normal wash; Do not bleach; Dry cleaning not possible Dry cleaning not possible; Drying in dryer not possible Drying in dryer not possible; do not iron hot do not iron hot,0,0,0,0,0,0,0,0,1
25,SINJAA T-SHIRT MADE OF TENCEL? LYOCELL MIX,smoky almond,https://www.armedangels.com/media/1234x1778x90/a4/ed/38/1642661538/sinjaa-smoky-almond.jpg,33.53,38.22,"67% Lyocell (TENCEL?), 33% Cotton (organic)",women,Armed Angels,30бу normal wash; Do not bleach; Dry cleaning not possible Dry cleaning not possible; Drying in dryer not possible Drying in dryer not possible; do not iron hot do not iron hot,0,0,0,0,0,0,0,0.67,0.33
26,SINJAA T-SHIRT MADE OF TENCEL? LYOCELL MIX,black,https://www.armedangels.com/media/1234x1777x90/b8/1c/5e/1642567339/sinjaa-black.jpg,33.53,38.22,"67% Lyocell (TENCEL?), 33% Cotton (organic)",women,Armed Angels,30бу normal wash; Do not bleach; Dry cleaning not possible Dry cleaning not possible; Drying in dryer not possible Drying in dryer not possible; do not iron hot do not iron hot,0,0,0,0,0,0,0,0.67,0.33
27,SINJAA T-SHIRT MADE OF TENCEL? LYOCELL MIX,night sky,https://www.armedangels.com/media/1048x1510x90/0f/30/bd/1642567342/sinjaa-night-sky-08.jpg,33.53,38.22,"67% Lyocell (TENCEL?), 33% Cotton (organic)",women,Armed Angels,30бу normal wash; Do not bleach; Dry cleaning not possible Dry cleaning not possible; Drying in dryer not possible Drying in dryer not possible; do not iron hot do not iron hot,0,0,0,0,0,0,0,0.67,0.33
28,SINJAA T-SHIRT MADE OF TENCEL? LYOCELL MIX,cloudbusting,https://www.armedangels.com/media/1234x1778x90/7d/11/b6/1642661540/sinjaa-cloudbusting.jpg,33.53,38.22,"67% Lyocell (TENCEL?), 33% Cotton (organic)",women,Armed Angels,30бу normal wash; Do not bleach; Dry cleaning not possible Dry cleaning not possible; Drying in dryer not possible Drying in dryer not possible; do not iron hot do not iron hot,0,0,0,0,0,0,0,0.67,0.33
29,ANTONIAA T-SHIRT MADE OF ORGANIC COTTON,white,https://www.armedangels.com/media/1234x1778x90/b1/c1/a0/1644469174/antoniaa-white.jpg,25.13,28.65,100% Cotton (organic),women,Armed Angels,30бу normal wash; Do not bleach; Dry cleaning not possible Dry cleaning not possible; Drying in dryer not possible Drying in dryer not possible; do not iron hot do not iron hot,0,0,0,0,0,0,0,0,1
30,ANTONIAA T-SHIRT MADE OF ORGANIC COTTON,black,https://www.armedangels.com/media/1234x1778x90/d2/ce/70/1642661256/antoniaa-black.jpg,25.13,28.65,100% Cotton (organic),women,Armed Angels,30бу normal wash; Do not bleach; Dry cleaning not possible Dry cleaning not possible; Drying in dryer not possible Drying in dryer not possible; do not iron hot do not iron hot,0,0,0,0,0,0,0,0,1
31,ANTONIAA T-SHIRT MADE OF ORGANIC COTTON,cloudbusting,https://www.armedangels.com/media/1048x1510x90/b7/18/da/1644469177/antoniaa-cloudbusting.jpg,25.13,28.65,100% Cotton (organic),women,Armed Angels,30бу normal wash; Do not bleach; Dry cleaning not possible Dry cleaning not possible; Drying in dryer not possible Drying in dryer not possible; do not iron hot do not iron hot,0,0,0,0,0,0,0,0,1
32,ANTONIAA T-SHIRT MADE OF ORGANIC COTTON,undyed,https://www.armedangels.com/media/1234x1778x90/f3/6c/93/1644469170/antoniaa-undyed.jpg,25.13,28.65,100% Cotton (organic),women,Armed Angels,30бу normal wash; Do not bleach; Dry cleaning not possible Dry cleaning not possible; Drying in dryer not possible Drying in dryer not possible; do not iron hot do not iron hot,0,0,0,0,0,0,0,0,1
33,ANTONIAA T-SHIRT MADE OF ORGANIC COTTON,night sky,https://www.armedangels.com/media/1234x1778x90/e7/43/8c/1644469166/antoniaa-night-sky.jpg,25.13,28.65,100% Cotton (organic),women,Armed Angels,30бу normal wash; Do not bleach; Dry cleaning not possible Dry cleaning not possible; Drying in dryer not possible Drying in dryer not possible; do not iron hot do not iron hot,0,0,0,0,0,0,0,0,1
34,EVVAA SOFT LONGSLEEVE MADE OF ORGANIC COTTON,white,https://www.armedangels.com/media/1234x1778x90/27/11/cc/1642652732/evvaa-soft-off-white.jpg,33.53,38.22,100% Cotton (organic),women,Armed Angels,30бу normal wash; Do not bleach; Dry cleaning not possible Dry cleaning not possible; Drying in dryer not possible Drying in dryer not possible; do not iron hot do not iron hot,0,0,0,0,0,0,0,0,1
35,EVVAA SOFT LONGSLEEVE MADE OF ORGANIC COTTON,black,https://www.armedangels.com/media/1234x1778x90/85/3d/33/1643772322/evvaa-soft-black.jpg,33.53,38.22,100% Cotton (organic),women,Armed Angels,30бу normal wash; Do not bleach; Dry cleaning not possible Dry cleaning not possible; Drying in dryer not possible Drying in dryer not possible; do not iron hot do not iron hot,0,0,0,0,0,0,0,0,1
36,EVVAA SOFT LONGSLEEVE MADE OF ORGANIC COTTON,night sky,https://www.armedangels.com/media/1048x1510x90/0e/7c/1d/1595527177/evvaa-customized-night-sky.jpg,33.53,38.22,100% Cotton (organic),women,Armed Angels,30бу normal wash; Do not bleach; Dry cleaning not possible Dry cleaning not possible; Drying in dryer not possible Drying in dryer not possible; do not iron hot do not iron hot,0,0,0,0,0,0,0,0,1
37,EVVAA SOFT LONGSLEEVE MADE OF ORGANIC COTTON,ruby red,https://www.armedangels.com/media/1234x1778x90/6a/99/2c/1627525489/evvaa-soft-ruby-red.jpg,33.53,38.22,100% Cotton (organic),women,Armed Angels,30бу normal wash; Do not bleach; Dry cleaning not possible Dry cleaning not possible; Drying in dryer not possible Drying in dryer not possible; do not iron hot do not iron hot,0,0,0,0,0,0,0,0,1
38,EVVAA SOFT LONGSLEEVE MADE OF ORGANIC COTTON,graphite,https://www.armedangels.com/media/1234x1778x90/d5/58/3a/1639452965/evvaa-soft-graphite.jpg,33.53,38.22,100% Cotton (organic),women,Armed Angels,30бу normal wash; Do not bleach; Dry cleaning not possible Dry cleaning not possible; Drying in dryer not possible Drying in dryer not possible; do not iron hot do not iron hot,0,0,0,0,0,0,0,0,1
39,JILAA T-SHIRT MADE OF TENCEL? LYOCELL MIX,smoky almond,https://www.armedangels.com/media/1234x1778x90/b4/a9/5b/1642655872/jilaa-smoky-almond.jpg,33.53,38.22,"67% Lyocell (TENCEL?), 33% Cotton (organic)",women,Armed Angels,30бу normal wash; Do not bleach; Dry cleaning not possible Dry cleaning not possible; Drying in dryer not possible Drying in dryer not possible; do not iron hot do not iron hot,0,0,0,0,0,0,0,0.67,0.33
40,JILAA T-SHIRT MADE OF TENCEL? LYOCELL MIX,black,https://www.armedangels.com/media/1234x1778x90/eb/79/a0/1623293125/-jilaa01-black.jpg,33.53,38.22,"67% Lyocell (TENCEL?), 33% Cotton (organic)",women,Armed Angels,30бу normal wash; Do not bleach; Dry cleaning not possible Dry cleaning not possible; Drying in dryer not possible Drying in dryer not possible; do not iron hot do not iron hot,0,0,0,0,0,0,0,0.67,0.33
41,JILAA T-SHIRT MADE OF TENCEL? LYOCELL MIX,night sky,https://www.armedangels.com/media/1234x1777x90/e7/3d/ef/1626402560/jilaa-night01-sky.jpg,33.53,38.22,"67% Lyocell (TENCEL?), 33% Cotton (organic)",women,Armed Angels,30бу normal wash; Do not bleach; Dry cleaning not possible Dry cleaning not possible; Drying in dryer not possible Drying in dryer not possible; do not iron hot do not iron hot,0,0,0,0,0,0,0,0.67,0.33
42,JILAA T-SHIRT MADE OF TENCEL? LYOCELL MIX,cloudbusting,https://www.armedangels.com/media/1234x1778x90/f1/06/5c/1640231824/jilaa-cloudbusting.jpg,33.53,38.22,"67% Lyocell (TENCEL?), 33% Cotton (organic)",women,Armed Angels,30бу normal wash; Do not bleach; Dry cleaning not possible Dry cleaning not possible; Drying in dryer not possible Drying in dryer not possible; do not iron hot do not iron hot,0,0,0,0,0,0,0,0.67,0.33
43,MARAA CIRCLE OF BLISS T-SHIRT MADE OF ORGANIC COTTON,white,https://www.armedangels.com/media/1234x1777x90/05/56/d0/1644469365/maraa-circle-of-bliss-white.jpg,25.13,28.65,100% Cotton (organic),women,Armed Angels,30бу normal wash; Do not bleach; Dry cleaning not possible Dry cleaning not possible; Drying in dryer not possible Drying in dryer not possible; do not iron hot do not iron hot,0,0,0,0,0,0,0,0,1
44,MARAA CIRCLE OF BLISS T-SHIRT MADE OF ORGANIC COTTON,graphite,https://www.armedangels.com/media/1048x1510x90/58/63/ea/1644469364/maraa-circle-of-bliss-graphite-08.jpg,25.13,28.65,100% Cotton (organic),women,Armed Angels,30бу normal wash; Do not bleach; Dry cleaning not possible Dry cleaning not possible; Drying in dryer not possible Drying in dryer not possible; do not iron hot do not iron hot,0,0,0,0,0,0,0,0,1
45,NELAA SQUARES T-SHIRT MADE OF ORGANIC COTTON,smoky almond,https://www.armedangels.com/media/1234x1778x90/80/d8/42/1642744928/nelaa-squares-smoky-almond.jpg,25.13,28.65,100% Cotton (organic),women,Armed Angels,30бу normal wash; Do not bleach; Dry cleaning not possible Dry cleaning not possible; Drying in dryer not possible Drying in dryer not possible; do not iron hot do not iron hot,0,0,0,0,0,0,0,0,1
46,NELAA SQUARES T-SHIRT MADE OF ORGANIC COTTON,graphite,https://www.armedangels.com/media/1234x1778x90/29/69/24/1644293487/nelaa-squares-graphite.jpg,25.13,28.65,100% Cotton (organic),women,Armed Angels,30бу normal wash; Do not bleach; Dry cleaning not possible Dry cleaning not possible; Drying in dryer not possible Drying in dryer not possible; do not iron hot do not iron hot,0,0,0,0,0,0,0,0,1
47,NELAA SQUARES T-SHIRT MADE OF ORGANIC COTTON,white,https://www.armedangels.com/media/1234x1778x90/f6/d8/d7/1643429024/nelaa-squares01-white.jpg,25.13,28.65,100% Cotton (organic),women,Armed Angels,30бу normal wash; Do not bleach; Dry cleaning not possible Dry cleaning not possible; Drying in dryer not possible Drying in dryer not possible; do not iron hot do not iron hot,0,0,0,0,0,0,0,0,1
49,IDAA BOUQUET,peach blossom,https://www.armedangels.com/media/1234x1778x90/bd/cf/d2/1644469262/idaa-bouquet-peach-blossom.jpg,29.33,33.44,100% Cotton (organic),women,Armed Angels,30бу normal wash; Do not bleach; Dry cleaning not possible Dry cleaning not possible; Drying in dryer not possible Drying in dryer not possible; do not iron hot do not iron hot,0,0,0,0,0,0,0,0,1
50,IDAA BOUQUET,smoky almond,https://www.armedangels.com/media/1234x1778x90/32/d9/fb/1642661347/idaa-bouquet-smoky-almond.jpg,29.33,33.44,100% Cotton (organic),women,Armed Angels,30бу normal wash; Do not bleach; Dry cleaning not possible Dry cleaning not possible; Drying in dryer not possible Drying in dryer not possible; do not iron hot do not iron hot,0,0,0,0,0,0,0,0,1
51,IDAA BOUQUET,white,https://www.armedangels.com/media/1234x1777x90/57/d1/fc/1642661351/idaa-bouquet-white.jpg,29.33,33.44,100% Cotton (organic),women,Armed Angels,30бу normal wash; Do not bleach; Dry cleaning not possible Dry cleaning not possible; Drying in dryer not possible Drying in dryer not possible; do not iron hot do not iron hot,0,0,0,0,0,0,0,0,1
52,MALENAA,dark poppy,https://www.armedangels.com/media/1234x1778x90/e2/26/d2/1639452207/malenaa-dark-poppy.jpg,33.53,38.22,100% Cotton (organic),women,Armed Angels,30бу normal wash; Do not bleach; Dry cleaning not possible Dry cleaning not possible; Drying in dryer not possible Drying in dryer not possible; do not iron hot do not iron hot,0,0,0,0,0,0,0,0,1
53,MALENAA,pink maple,https://www.armedangels.com/media/1234x1778x90/ea/a2/a4/1633579137/malenaa-pink-maple.jpg,33.53,38.22,100% Cotton (organic),women,Armed Angels,30бу normal wash; Do not bleach; Dry cleaning not possible Dry cleaning not possible; Drying in dryer not possible Drying in dryer not possible; do not iron hot do not iron hot,0,0,0,0,0,0,0,0,1
54,MALENAA,ruby red,https://www.armedangels.com/media/1234x1778x90/fd/0e/14/1623291490/malenaa-ruby-red.jpg,33.53,38.22,100% Cotton (organic),women,Armed Angels,30бу normal wash; Do not bleach; Dry cleaning not possible Dry cleaning not possible; Drying in dryer not possible Drying in dryer not possible; do not iron hot do not iron hot,0,0,0,0,0,0,0,0,1
55,MALENAA,shadow blue,https://www.armedangels.com/media/1234x1778x90/86/d3/7b/1634177773/malenaa-shadow-blue.jpg,33.53,38.22,100% Cotton (organic),women,Armed Angels,30бу normal wash; Do not bleach; Dry cleaning not possible Dry cleaning not possible; Drying in dryer not possible Drying in dryer not possible; do not iron hot do not iron hot,0,0,0,0,0,0,0,0,1
56,MALENAA,copper glow,https://www.armedangels.com/media/1234x1778x90/fc/f7/93/1631278056/malenaa-copper01-glow.jpg,33.53,38.22,100% Cotton (organic),women,Armed Angels,30бу normal wash; Do not bleach; Dry cleaning not possible Dry cleaning not possible; Drying in dryer not possible Drying in dryer not possible; do not iron hot do not iron hot,0,0,0,0,0,0,0,0,1
57,MALENAA,night sky,https://www.armedangels.com/media/1234x1778x90/f7/fc/de/1625538429/malenaa-night01-sky.jpg,33.53,38.22,100% Cotton (organic),women,Armed Angels,30бу normal wash; Do not bleach; Dry cleaning not possible Dry cleaning not possible; Drying in dryer not possible Drying in dryer not possible; do not iron hot do not iron hot,0,0,0,0,0,0,0,0,1
58,MALENAA,vintage green,https://www.armedangels.com/media/1234x1778x90/2e/fe/54/1631521428/malenaa-vintage-green.jpg,33.53,38.22,100% Cotton (organic),women,Armed Angels,30бу normal wash; Do not bleach; Dry cleaning not possible Dry cleaning not possible; Drying in dryer not possible Drying in dryer not possible; do not iron hot do not iron hot,0,0,0,0,0,0,0,0,1
59,MALENAA,black,https://www.armedangels.com/media/1048x1510x90/2f/e8/09/1597750348/malenaa-black.jpg,33.53,38.22,100% Cotton (organic),women,Armed Angels,30бу normal wash; Do not bleach; Dry cleaning not possible Dry cleaning not possible; Drying in dryer not possible Drying in dryer not possible; do not iron hot do not iron hot,0,0,0,0,0,0,0,0,1
60,SIAA PRETTY STRIPES,dark poppy-oatmilk,https://www.armedangels.com/media/1048x1510x90/da/3f/dc/1643772482/siaa-pretty-stripes-dark-poppy-oatmilk.jpg,41.93,47.80,100% Cotton (organic),women,Armed Angels,30бу normal wash; Do not bleach; Dry cleaning not possible Dry cleaning not possible; Drying in dryer not possible Drying in dryer not possible; do not iron hot do not iron hot,0,0,0,0,0,0,0,0,1
61,SIAA PRETTY STRIPES,peach blossom-oatmilk,https://www.armedangels.com/media/1048x1510x90/29/08/84/1639453120/siaa-pretty-stripes-peach-blossom-oatmilk-08.jpg,41.93,47.80,100% Cotton (organic),women,Armed Angels,30бу normal wash; Do not bleach; Dry cleaning not possible Dry cleaning not possible; Drying in dryer not possible Drying in dryer not possible; do not iron hot do not iron hot,0,0,0,0,0,0,0,0,1
62,SIAA PRETTY STRIPES,cloudbusting-oatmilk,https://www.armedangels.com/media/1234x1778x90/07/58/fe/1642653240/siaa-pretty-stripes-cloudbusting-oatmilk.jpg,41.93,47.80,100% Cotton (organic),women,Armed Angels,30бу normal wash; Do not bleach; Dry cleaning not possible Dry cleaning not possible; Drying in dryer not possible Drying in dryer not possible; do not iron hot do not iron hot,0,0,0,0,0,0,0,0,1
63,SIAA PRETTY STRIPES,black-oatmilk,https://www.armedangels.com/media/1234x1778x90/43/c9/81/1633691688/siaa-pretty-stripes-blac02-oatmilk.jpg,41.93,47.80,100% Cotton (organic),women,Armed Angels,30бу normal wash; Do not bleach; Dry cleaning not possible Dry cleaning not possible; Drying in dryer not possible Drying in dryer not possible; do not iron hot do not iron hot,0,0,0,0,0,0,0,0,1
64,MINAA,undyed,https://www.armedangels.com/media/1234x1778x90/5b/81/f2/1623293413/minaa-undyed.jpg,25.13,28.65,100% Cotton (organic),women,Armed Angels,30бу normal wash; Do not bleach; Dry cleaning not possible Dry cleaning not possible; Drying in dryer not possible Drying in dryer not possible; do not iron hot do not iron hot,0,0,0,0,0,0,0,0,1
65,MINAA,white,https://www.armedangels.com/media/1234x1778x90/c1/af/82/1625540147/minaa-white.jpg,25.13,28.65,100% Cotton (organic),women,Armed Angels,30бу normal wash; Do not bleach; Dry cleaning not possible Dry cleaning not possible; Drying in dryer not possible Drying in dryer not possible; do not iron hot do not iron hot,0,0,0,0,0,0,0,0,1
66,MINAA,ruby red,https://www.armedangels.com/media/1234x1777x90/55/a7/00/1626320294/minaa-ruby-red.jpg,25.13,28.65,100% Cotton (organic),women,Armed Angels,30бу normal wash; Do not bleach; Dry cleaning not possible Dry cleaning not possible; Drying in dryer not possible Drying in dryer not possible; do not iron hot do not iron hot,0,0,0,0,0,0,0,0,1
67,MINAA,black,https://www.armedangels.com/media/1234x1778x90/a8/b6/86/1623293404/minaa-black.jpg,25.13,28.65,100% Cotton (organic),women,Armed Angels,30бу normal wash; Do not bleach; Dry cleaning not possible Dry cleaning not possible; Drying in dryer not possible Drying in dryer not possible; do not iron hot do not iron hot,0,0,0,0,0,0,0,0,1
68,MINAA,kinoko,https://www.armedangels.com/media/1234x1778x90/cf/07/42/1623293410/minaa-kinoko.jpg,25.13,28.65,100% Cotton (organic),women,Armed Angels,30бу normal wash; Do not bleach; Dry cleaning not possible Dry cleaning not possible; Drying in dryer not possible Drying in dryer not possible; do not iron hot do not iron hot,0,0,0,0,0,0,0,0,1
69,MINAA,night sky,https://www.armedangels.com/media/1234x1778x90/04/62/b2/1623293407/minaa-night-sky.jpg,25.13,28.65,100% Cotton (organic),women,Armed Angels,30бу normal wash; Do not bleach; Dry cleaning not possible Dry cleaning not possible; Drying in dryer not possible Drying in dryer not possible; do not iron hot do not iron hot,0,0,0,0,0,0,0,0,1
70,MINAA,cloudbusting,https://www.armedangels.com/media/1234x1778x90/a8/95/f4/1642045574/minaa-cloudbusting.jpg,25.13,28.65,100% Cotton (organic),women,Armed Angels,30бу normal wash; Do not bleach; Dry cleaning not possible Dry cleaning not possible; Drying in dryer not possible Drying in dryer not possible; do not iron hot do not iron hot,0,0,0,0,0,0,0,0,1
71,MINAA,peach blossom,https://www.armedangels.com/media/1048x1510x90/71/0f/91/1642045576/minaa-peach-blossom-08.jpg,25.13,28.65,100% Cotton (organic),women,Armed Angels,30бу normal wash; Do not bleach; Dry cleaning not possible Dry cleaning not possible; Drying in dryer not possible Drying in dryer not possible; do not iron hot do not iron hot,0,0,0,0,0,0,0,0,1
72,MARIAA,dark poppy,https://www.armedangels.com/media/1234x1778x90/18/e2/31/1644032030/mariaa-dark-poppy.jpg,41.93,47.80,"91% Cotton (organic), 9% Elasthane",women,Armed Angels,30бу normal wash; Do not bleach; Dry cleaning not possible Dry cleaning not possible; Drying in dryer not possible Drying in dryer not possible; do not iron hot do not iron hot,0,0,0.09,0,0,0,0,0,0.91
73,MARIAA,night sky,https://www.armedangels.com/media/1234x1778x90/9c/50/98/1644032027/mariaa-night-sky.jpg,41.93,47.80,"91% Cotton (organic), 9% Elasthane",women,Armed Angels,30бу normal wash; Do not bleach; Dry cleaning not possible Dry cleaning not possible; Drying in dryer not possible Drying in dryer not possible; do not iron hot do not iron hot,0,0,0.09,0,0,0,0,0,0.91
74,EVVAA STRIPES,black-oatmilk,https://www.armedangels.com/media/1234x1778x90/43/09/3d/1637379306/evvaa-stripes-black-oatmilk.jpg,33.53,38.22,100% Cotton (organic),women,Armed Angels,30бу normal wash; Do not bleach; Dry cleaning not possible Dry cleaning not possible; Drying in dryer not possible Drying in dryer not possible; do not iron hot do not iron hot,0,0,0,0,0,0,0,0,1
75,EVVAA STRIPES,light desert-copper glow,https://www.armedangels.com/media/1234x1778x90/cc/47/92/1631846930/evvaa-stripes-light-desert-copper01-glow.jpg,33.53,38.22,100% Cotton (organic),women,Armed Angels,30бу normal wash; Do not bleach; Dry cleaning not possible Dry cleaning not possible; Drying in dryer not possible Drying in dryer not possible; do not iron hot do not iron hot,0,0,0,0,0,0,0,0,1
76,EVVAA STRIPES,ruby red-oatmilk,https://www.armedangels.com/media/1234x1778x90/10/ff/cd/1629254078/evvaa-stripes-ruby-red-oatmilk.jpg,33.53,38.22,100% Cotton (organic),women,Armed Angels,30бу normal wash; Do not bleach; Dry cleaning not possible Dry cleaning not possible; Drying in dryer not possible Drying in dryer not possible; do not iron hot do not iron hot,0,0,0,0,0,0,0,0,1
77,JULIKAA MERCERIZED,cloudbusting,https://www.armedangels.com/media/1234x1778x90/66/59/de/1642654992/julikaa-mercerized-cloudbusting.jpg,41.93,47.80,100% Cotton (organic),women,Armed Angels,30бу normal wash; Do not bleach; Dry cleaning not possible Dry cleaning not possible; Drying in dryer not possible Drying in dryer not possible; do not iron hot do not iron hot,0,0,0,0,0,0,0,0,1
78,JULIKAA MERCERIZED,black,https://www.armedangels.com/media/1234x1778x90/d9/9b/f3/1633692294/julikaa-mercerized-black.jpg,41.93,47.80,100% Cotton (organic),women,Armed Angels,30бу normal wash; Do not bleach; Dry cleaning not possible Dry cleaning not possible; Drying in dryer not possible Drying in dryer not possible; do not iron hot do not iron hot,0,0,0,0,0,0,0,0,1
79,JULIKAA MERCERIZED,kinoko,https://www.armedangels.com/media/1234x1778x90/e7/04/dc/1618366522/julikaa-kinoko.jpg,41.93,47.80,100% Cotton (organic),women,Armed Angels,30бу normal wash; Do not bleach; Dry cleaning not possible Dry cleaning not possible; Drying in dryer not possible Drying in dryer not possible; do not iron hot do not iron hot,0,0,0,0,0,0,0,0,1
80,JULIKAA MERCERIZED,matcha,https://www.armedangels.com/media/1234x1778x90/ef/87/48/1618366520/julikaa-matcha.jpg,41.93,47.80,100% Cotton (organic),women,Armed Angels,30бу normal wash; Do not bleach; Dry cleaning not possible Dry cleaning not possible; Drying in dryer not possible Drying in dryer not possible; do not iron hot do not iron hot,0,0,0,0,0,0,0,0,1
81,JULIKAA MERCERIZED,sunrise,https://www.armedangels.com/media/1048x1510x90/01/5e/a6/1640144551/julikaa-sunrise.jpg,41.93,47.80,100% Cotton (organic),women,Armed Angels,30бу normal wash; Do not bleach; Dry cleaning not possible Dry cleaning not possible; Drying in dryer not possible Drying in dryer not possible; do not iron hot do not iron hot,0,0,0,0,0,0,0,0,1
82,LAURAA FAN CLUB,undyed,https://www.armedangels.com/media/1234x1778x90/d3/f0/63/1643775101/lauraa-fan-club-undyed.jpg,41.93,47.80,100% Cotton (organic),women,Armed Angels,30бу normal wash; Do not bleach; Dry cleaning not possible Dry cleaning not possible; Drying in dryer not possible Drying in dryer not possible; do not iron hot do not iron hot,0,0,0,0,0,0,0,0,1
83,RIAA,black,https://www.armedangels.com/media/1234x1778x90/71/eb/7c/1642047272/riaa-black.jpg,41.93,47.80,100% Cotton (organic),women,Armed Angels,30бу normal wash; Do not bleach; Dry cleaning not possible Dry cleaning not possible; Drying in dryer not possible Drying in dryer not possible; do not iron hot do not iron hot,0,0,0,0,0,0,0,0,1
84,RIAA,smoky almond,https://www.armedangels.com/media/1048x1510x90/eb/4c/cf/1642047275/riaa-smoky-almond-08.jpg,41.93,47.80,100% Cotton (organic),women,Armed Angels,30бу normal wash; Do not bleach; Dry cleaning not possible Dry cleaning not possible; Drying in dryer not possible Drying in dryer not possible; do not iron hot do not iron hot,0,0,0,0,0,0,0,0,1
85,KAJAA BLOCK STRIPES,night sky-oatmilk,https://www.armedangels.com/media/1234x1778x90/38/e8/3b/1644291751/kajaa-block-stripes-night-sky-oatmilk.jpg,33.53,38.22,100% Cotton (organic),women,Armed Angels,30бу normal wash; Do not bleach; Dry cleaning not possible Dry cleaning not possible; Drying in dryer not possible Drying in dryer not possible; do not iron hot do not iron hot,0,0,0,0,0,0,0,0,1
86,KAJAA BLOCK STRIPES,smoky almond-oatmilk,https://www.armedangels.com/media/1234x1778x90/0f/b4/4a/1642657294/kajaa-block-stripes-smoky-almond-oatmilk.jpg,33.53,38.22,100% Cotton (organic),women,Armed Angels,30бу normal wash; Do not bleach; Dry cleaning not possible Dry cleaning not possible; Drying in dryer not possible Drying in dryer not possible; do not iron hot do not iron hot,0,0,0,0,0,0,0,0,1
87,IDAA SMALL CIRCLE,night sky,https://www.armedangels.com/media/1234x1778x90/d6/ab/cf/1644033805/idaa-small-circle-night-sky.jpg,29.33,33.44,100% Cotton (organic),women,Armed Angels,30бу normal wash; Do not bleach; Dry cleaning not possible Dry cleaning not possible; Drying in dryer not possible Drying in dryer not possible; do not iron hot do not iron hot,0,0,0,0,0,0,0,0,1
88,IDAA SMALL CIRCLE,peach blossom,https://www.armedangels.com/media/1234x1778x90/4f/97/29/1644033811/idaa-small-circle-peach-blossom.jpg,29.33,33.44,100% Cotton (organic),women,Armed Angels,30бу normal wash; Do not bleach; Dry cleaning not possible Dry cleaning not possible; Drying in dryer not possible Drying in dryer not possible; do not iron hot do not iron hot,0,0,0,0,0,0,0,0,1
89,IDAA SMALL CIRCLE,white,https://www.armedangels.com/media/1234x1777x90/14/46/82/1644033808/idaa-small-circle-white.jpg,29.33,33.44,100% Cotton (organic),women,Armed Angels,30бу normal wash; Do not bleach; Dry cleaning not possible Dry cleaning not possible; Drying in dryer not possible Drying in dryer not possible; do not iron hot do not iron hot,0,0,0,0,0,0,0,0,1
90,IDAA PHOTO COLLAGE,graphite,https://www.armedangels.com/media/1234x1778x90/86/02/c7/1644469281/idaa-photo-collage-graphite.jpg,33.53,38.22,100% Cotton (organic),women,Armed Angels,30бу normal wash; Do not bleach; Dry cleaning not possible Dry cleaning not possible; Drying in dryer not possible Drying in dryer not possible; do not iron hot do not iron hot,0,0,0,0,0,0,0,0,1
91,IDAA PHOTO COLLAGE,undyed,https://www.armedangels.com/media/1234x1777x90/dc/fd/79/1644469278/idaa-photo-collage-undyed.jpg,33.53,38.22,100% Cotton (organic),women,Armed Angels,30бу normal wash; Do not bleach; Dry cleaning not possible Dry cleaning not possible; Drying in dryer not possible Drying in dryer not possible; do not iron hot do not iron hot,0,0,0,0,0,0,0,0,1
92,JAALE,black,https://www.armedangels.com/media/1234x1778x90/99/3e/bf/1637380335/jaale-black.jpg,33.53,38.22,"64% Lyocell (TENCEL?), 31% Cotton (organic), 5% Elasthane",women,Armed Angels,30бу normal wash; Do not bleach; Dry cleaning not possible Dry cleaning not possible; Drying in dryer not possible Drying in dryer not possible; do not iron hot do not iron hot,0,0,0.05,0,0,0,0,0.64,0.31
93,JAALE,grey melange,https://www.armedangels.com/media/1234x1778x90/56/16/51/1631848621/jaale-grey01-melange.jpg,33.53,38.22,"64% Lyocell (TENCEL?), 31% Cotton (organic), 5% Elasthane",women,Armed Angels,30бу normal wash; Do not bleach; Dry cleaning not possible Dry cleaning not possible; Drying in dryer not possible Drying in dryer not possible; do not iron hot do not iron hot,0,0,0.05,0,0,0,0,0.64,0.31
94,JAALE,grey indigo,https://www.armedangels.com/media/1234x1778x90/00/e9/21/1642045894/jaale-grey-indigo.jpg,33.53,38.22,"64% Lyocell (TENCEL?), 31% Cotton (organic), 5% Elasthane",women,Armed Angels,30бу normal wash; Do not bleach; Dry cleaning not possible Dry cleaning not possible; Drying in dryer not possible Drying in dryer not possible; do not iron hot do not iron hot,0,0,0.05,0,0,0,0,0.64,0.31
95,JAALE,moon rock,https://www.armedangels.com/media/1234x1778x90/a1/8e/d0/1642045892/jaale-moon-rock.jpg,33.53,38.22,"64% Lyocell (TENCEL?), 31% Cotton (organic), 5% Elasthane",women,Armed Angels,30бу normal wash; Do not bleach; Dry cleaning not possible Dry cleaning not possible; Drying in dryer not possible Drying in dryer not possible; do not iron hot do not iron hot,0,0,0.05,0,0,0,0,0.64,0.31
96,JAALE,rosemary green,https://www.armedangels.com/media/1234x1778x90/1d/23/43/1642045889/jaale-rosemary-green.jpg,33.53,38.22,"64% Lyocell (TENCEL?), 31% Cotton (organic), 5% Elasthane",women,Armed Angels,30бу normal wash; Do not bleach; Dry cleaning not possible Dry cleaning not possible; Drying in dryer not possible Drying in dryer not possible; do not iron hot do not iron hot,0,0,0.05,0,0,0,0,0.64,0.31
97,JAALE,red earth,https://www.armedangels.com/media/1234x1778x90/3f/07/3c/1640320883/jaale-red-earth.jpg,33.53,38.22,"64% Lyocell (TENCEL?), 31% Cotton (organic), 5% Elasthane",women,Armed Angels,30бу normal wash; Do not bleach; Dry cleaning not possible Dry cleaning not possible; Drying in dryer not possible Drying in dryer not possible; do not iron hot do not iron hot,0,0,0.05,0,0,0,0,0.64,0.31
98,MARAA,night sky,https://www.armedangels.com/media/1234x1778x90/b7/2d/73/1625540114/maraa-night-sky01-05.jpg,25.13,28.65,100% Cotton (organic),women,Armed Angels,30бу normal wash; Do not bleach; Dry cleaning not possible Dry cleaning not possible; Drying in dryer not possible Drying in dryer not possible; do not iron hot do not iron hot,0,0,0,0,0,0,0,0,1
99,MARAA,black,https://www.armedangels.com/media/1234x1778x90/c6/fd/6d/1623293375/maraa-black-01.jpg,25.13,28.65,100% Cotton (organic),women,Armed Angels,30бу normal wash; Do not bleach; Dry cleaning not possible Dry cleaning not possible; Drying in dryer not possible Drying in dryer not possible; do not iron hot do not iron hot,0,0,0,0,0,0,0,0,1
100,MARAA,white,https://www.armedangels.com/media/1234x1777x90/8a/a9/41/1626402676/-mara02-white.jpg,25.13,28.65,100% Cotton (organic),women,Armed Angels,30бу normal wash; Do not bleach; Dry cleaning not possible Dry cleaning not possible; Drying in dryer not possible Drying in dryer not possible; do not iron hot do not iron hot,0,0,0,0,0,0,0,0,1
101,MARAA,graphite,https://www.armedangels.com/media/1048x1510x90/f8/71/87/1642565064/maraa-graphite-08.jpg,25.13,28.65,100% Cotton (organic),women,Armed Angels,30бу normal wash; Do not bleach; Dry cleaning not possible Dry cleaning not possible; Drying in dryer not possible Drying in dryer not possible; do not iron hot do not iron hot,0,0,0,0,0,0,0,0,1
102,KOSMAA,cloudbusting,https://www.armedangels.com/media/1234x1778x90/13/6d/be/1642657759/kosmaa-cloudbusting.jpg,37.73,43.01,"67% Lyocell (TENCEL?), 33% Cotton (organic)",women,Armed Angels,30бу normal wash; Do not bleach; Dry cleaning not possible Dry cleaning not possible; Drying in dryer not possible Drying in dryer not possible; do not iron hot do not iron hot,0,0,0,0,0,0,0,0.67,0.33
103,KOSMAA,mid grey melange,https://www.armedangels.com/media/1234x1778x90/10/97/6d/1634179360/kosmaa-mid-grey-melange.jpg,37.73,43.01,"67% Lyocell (TENCEL?), 33% Cotton (organic)",women,Armed Angels,30бу normal wash; Do not bleach; Dry cleaning not possible Dry cleaning not possible; Drying in dryer not possible Drying in dryer not possible; do not iron hot do not iron hot,0,0,0,0,0,0,0,0.67,0.33
104,KOSMAA,light desert melange,https://www.armedangels.com/media/1234x1778x90/e0/9e/55/1627632138/kosmaa-light-desert-melange-05.jpg,37.73,43.01,"67% Lyocell (TENCEL?), 33% Cotton (organic)",women,Armed Angels,30бу normal wash; Do not bleach; Dry cleaning not possible Dry cleaning not possible; Drying in dryer not possible Drying in dryer not possible; do not iron hot do not iron hot,0,0,0,0,0,0,0,0.67,0.33
105,KOSMAA,night sky,https://www.armedangels.com/media/1234x1778x90/70/50/70/1623314349/kosmaa-night-sky.jpg,37.73,43.01,"67% Lyocell (TENCEL?), 33% Cotton (organic)",women,Armed Angels,30бу normal wash; Do not bleach; Dry cleaning not possible Dry cleaning not possible; Drying in dryer not possible Drying in dryer not possible; do not iron hot do not iron hot,0,0,0,0,0,0,0,0.67,0.33
106,KOSMAA,vintage green,https://www.armedangels.com/media/1234x1778x90/85/37/ab/1628909122/kosmaa-vintage01-green.jpg,37.73,43.01,"67% Lyocell (TENCEL?), 33% Cotton (organic)",women,Armed Angels,30бу normal wash; Do not bleach; Dry cleaning not possible Dry cleaning not possible; Drying in dryer not possible Drying in dryer not possible; do not iron hot do not iron hot,0,0,0,0,0,0,0,0.67,0.33
107,KOSMAA,black,https://www.armedangels.com/media/1234x1778x90/ef/cc/4a/1632037204/-kosma02-black.jpg,37.73,43.01,"67% Lyocell (TENCEL?), 33% Cotton (organic)",women,Armed Angels,30бу normal wash; Do not bleach; Dry cleaning not possible Dry cleaning not possible; Drying in dryer not possible Drying in dryer not possible; do not iron hot do not iron hot,0,0,0,0,0,0,0,0.67,0.33
108,ELEAA,shadow blue,https://www.armedangels.com/media/1234x1778x90/b9/1a/2e/1634179323/eleaa-shadow-blue.jpg,33.53,38.22,100% Cotton (organic),women,Armed Angels,30бу normal wash; Do not bleach; Dry cleaning not possible Dry cleaning not possible; Drying in dryer not possible Drying in dryer not possible; do not iron hot do not iron hot,0,0,0,0,0,0,0,0,1
109,ELEAA,copper glow,https://www.armedangels.com/media/1234x1778x90/10/8f/67/1631522366/eleaa-copper-glow.jpg,33.53,38.22,100% Cotton (organic),women,Armed Angels,30бу normal wash; Do not bleach; Dry cleaning not possible Dry cleaning not possible; Drying in dryer not possible Drying in dryer not possible; do not iron hot do not iron hot,0,0,0,0,0,0,0,0,1
110,ELEAA,vintage green,https://www.armedangels.com/media/1234x1778x90/39/73/9e/1631279131/eleaa-vintage01-green.jpg,33.53,38.22,100% Cotton (organic),women,Armed Angels,30бу normal wash; Do not bleach; Dry cleaning not possible Dry cleaning not possible; Drying in dryer not possible Drying in dryer not possible; do not iron hot do not iron hot,0,0,0,0,0,0,0,0,1
111,PALINAA KNITTED,kitt-black,https://www.armedangels.com/media/1234x1778x90/4a/d2/f7/1625538860/palinaa-knitted-stripe-kitt01-black.jpg,50.34,57.39,"98% Cotton (organic), 2% Elasthane",women,Armed Angels,30бу normal wash; Do not bleach; Dry cleaning not possible Dry cleaning not possible; Drying in dryer not possible Drying in dryer not possible; do not iron hot do not iron hot,0,0,0.02,0,0,0,0,0,0.98
112,AALEXAA,white,https://www.armedangels.com/media/1048x1510x90/c8/e6/df/1639455963/aalexaa-white.jpg,37.73,43.01,100% Cotton (organic),women,Armed Angels,30бу normal wash; Do not bleach; Dry cleaning not possible Dry cleaning not possible; Drying in dryer not possible Drying in dryer not possible; do not iron hot do not iron hot,0,0,0,0,0,0,0,0,1
113,AALEXAA,black,https://www.armedangels.com/media/1048x1510x90/0f/6c/25/1639455960/aalexaa-black.jpg,37.73,43.01,100% Cotton (organic),women,Armed Angels,30бу normal wash; Do not bleach; Dry cleaning not possible Dry cleaning not possible; Drying in dryer not possible Drying in dryer not possible; do not iron hot do not iron hot,0,0,0,0,0,0,0,0,1
114,AALEXAA SUMMER OF BLISS,undyed,https://www.armedangels.com/media/1234x1778x90/c6/43/b7/1639194366/aalexaa-summer-of-bliss-undyed.jpg,41.93,47.80,100% Cotton (organic),women,Armed Angels,30бу normal wash; Do not bleach; Dry cleaning not possible Dry cleaning not possible; Drying in dryer not possible Drying in dryer not possible; do not iron hot do not iron hot,0,0,0,0,0,0,0,0,1
115,MIKAA,light desert,https://www.armedangels.com/media/1234x1778x90/5a/5c/38/1642659535/mikaa-light-desert01-05.jpg,41.93,47.80,100% Cotton (organic),unisex,Armed Angels,30бу normal wash; Do not bleach; Dry cleaning not possible Dry cleaning not possible; Drying in dryer not possible Drying in dryer not possible; do not iron hot do not iron hot,0,0,0,0,0,0,0,0,1
116,MIKAA,soft peach,https://www.armedangels.com/media/1234x1778x90/4f/0d/44/1642046494/mikaa-soft-peach-05.jpg,41.93,47.80,100% Cotton (organic),unisex,Armed Angels,30бу normal wash; Do not bleach; Dry cleaning not possible Dry cleaning not possible; Drying in dryer not possible Drying in dryer not possible; do not iron hot do not iron hot,0,0,0,0,0,0,0,0,1
117,MIKAA,sage green,https://www.armedangels.com/media/1234x1778x90/75/6c/67/1642659539/mikaa-sage01-green.jpg,41.93,47.80,100% Cotton (organic),unisex,Armed Angels,30бу normal wash; Do not bleach; Dry cleaning not possible Dry cleaning not possible; Drying in dryer not possible Drying in dryer not possible; do not iron hot do not iron hot,0,0,0,0,0,0,0,0,1
118,MIKAA,indigo,https://www.armedangels.com/media/1234x1778x90/43/78/be/1637034556/mikaa-indigo.jpg,41.93,47.80,100% Cotton (organic),unisex,Armed Angels,30бу normal wash; Do not bleach; Dry cleaning not possible Dry cleaning not possible; Drying in dryer not possible Drying in dryer not possible; do not iron hot do not iron hot,0,0,0,0,0,0,0,0,1
119,TAAMI LOGOMANIA,white,https://www.armedangels.com/media/1234x1778x90/ee/63/07/1634006925/taami-logomania-white.jpg,33.53,38.22,100% Cotton (organic),women,Armed Angels,30бу normal wash; Do not bleach; Dry cleaning not possible Dry cleaning not possible; Drying in dryer not possible Drying in dryer not possible; do not iron hot do not iron hot,0,0,0,0,0,0,0,0,1
120,TAAMI LOGOMANIA,black,https://www.armedangels.com/media/1234x1778x90/7f/99/b6/1637732500/taami-logomania-black.jpg,33.53,38.22,100% Cotton (organic),women,Armed Angels,30бу normal wash; Do not bleach; Dry cleaning not possible Dry cleaning not possible; Drying in dryer not possible Drying in dryer not possible; do not iron hot do not iron hot,0,0,0,0,0,0,0,0,1
121,NELAA CUTTED LANDSCAPE,white,https://www.armedangels.com/media/1234x1778x90/31/66/4d/1642744915/nelaa-cutted-landscape-white-08.jpg,25.13,28.65,100% Cotton (organic),women,Armed Angels,30бу normal wash; Do not bleach; Dry cleaning not possible Dry cleaning not possible; Drying in dryer not possible Drying in dryer not possible; do not iron hot do not iron hot,0,0,0,0,0,0,0,0,1
122,NELAA CUTTED LANDSCAPE,smoky almond,https://www.armedangels.com/media/1048x1510x90/ca/33/f1/1643258196/nelaa-cutted-landscape-smoky-almond-08.jpg,25.13,28.65,100% Cotton (organic),women,Armed Angels,30бу normal wash; Do not bleach; Dry cleaning not possible Dry cleaning not possible; Drying in dryer not possible Drying in dryer not possible; do not iron hot do not iron hot,0,0,0,0,0,0,0,0,1
123,NELAA CUTTED LANDSCAPE,graphite,https://www.armedangels.com/media/1048x1510x90/a9/38/64/1644293472/nelaa-cutted-landscape-graphite-08.jpg,25.13,28.65,100% Cotton (organic),women,Armed Angels,30бу normal wash; Do not bleach; Dry cleaning not possible Dry cleaning not possible; Drying in dryer not possible Drying in dryer not possible; do not iron hot do not iron hot,0,0,0,0,0,0,0,0,1
124,OFELIAA PRETTY STRIPES,black-oatmilk,https://www.armedangels.com/media/1234x1778x90/44/ae/45/1643517233/ofeliaa-pretty-stripes-black01-oatmilk.jpg,33.53,38.22,100% Cotton (organic),women,Armed Angels,30бу normal wash; Do not bleach; Dry cleaning not possible Dry cleaning not possible; Drying in dryer not possible Drying in dryer not possible; do not iron hot do not iron hot,0,0,0,0,0,0,0,0,1
125,OFELIAA PRETTY STRIPES,cloudbusting-oatmilk,https://www.armedangels.com/media/1048x1510x90/2a/12/0f/1640920769/ofeliaa-pretty-stripes-cloudbusting-oatmilk-08.jpg,33.53,38.22,100% Cotton (organic),women,Armed Angels,30бу normal wash; Do not bleach; Dry cleaning not possible Dry cleaning not possible; Drying in dryer not possible Drying in dryer not possible; do not iron hot do not iron hot,0,0,0,0,0,0,0,0,1
126,OFELIAA PRETTY STRIPES,peach blossom-oatmilk,https://www.armedangels.com/media/1048x1510x90/9d/1e/df/1640920769/ofeliaa-pretty-stripes-peach-blossom-oatmilk-08.jpg,33.53,38.22,100% Cotton (organic),women,Armed Angels,30бу normal wash; Do not bleach; Dry cleaning not possible Dry cleaning not possible; Drying in dryer not possible Drying in dryer not possible; do not iron hot do not iron hot,0,0,0,0,0,0,0,0,1
127,OFELIAA PRETTY STRIPES,dark poppy-oatmilk,https://www.armedangels.com/media/1234x1778x90/78/8c/8f/1640920764/ofeliaa-pretty-stripes-dark-poppy-oatmilk.jpg,33.53,38.22,100% Cotton (organic),women,Armed Angels,30бу normal wash; Do not bleach; Dry cleaning not possible Dry cleaning not possible; Drying in dryer not possible Drying in dryer not possible; do not iron hot do not iron hot,0,0,0,0,0,0,0,0,1
128,OFELIAA PRETTY STRIPES,toasted hazel-oatmilk,https://www.armedangels.com/media/1048x1510x90/cf/d6/bf/1618020980/ofeliaa-pretty-stripes-toasted-hazel-oatmilk.jpg,33.53,38.22,100% Cotton (organic),women,Armed Angels,30бу normal wash; Do not bleach; Dry cleaning not possible Dry cleaning not possible; Drying in dryer not possible Drying in dryer not possible; do not iron hot do not iron hot,0,0,0,0,0,0,0,0,1
129,TARAA CIRCULAR LOGO,white,https://www.armedangels.com/media/1048x1510x90/86/f8/bb/1630033784/taraa-circular-logo-recycled-white.jpg,33.53,38.22,"50% Cotton (recycled), 50% Lyocell (TENCEL?)",women,Armed Angels,30бу normal wash; Do not bleach; Dry cleaning not possible Dry cleaning not possible; Drying in dryer not possible Drying in dryer not possible; do not iron hot do not iron hot,0,0,0,0,0,0,0,0.5,0.5
130,ODANAA,mid grey melange,https://www.armedangels.com/media/1234x1778x90/85/50/c3/1634179857/odanaa-mid-grey-melange.jpg,41.93,47.80,"67% Lyocell (TENCEL?), 33% Cotton (organic)",women,Armed Angels,30бу normal wash; Do not bleach; Dry cleaning not possible Dry cleaning not possible; Drying in dryer not possible Drying in dryer not possible; do not iron hot do not iron hot,0,0,0,0,0,0,0,0.67,0.33
131,TARAA CIRCULAR 1.5,recycled white,https://www.armedangels.com/media/1152x1659x90/6d/f0/0d/1632038422/taraa-circular-1-5-recycle02-white.jpg,33.53,38.22,"50% Cotton (recycled), 50% Lyocell (TENCEL?)",women,Armed Angels,30бу normal wash; Do not bleach; Dry cleaning not possible Dry cleaning not possible; Drying in dryer not possible Drying in dryer not possible; do not iron hot do not iron hot,0,0,0,0,0,0,0,0.5,0.5
132,TARAA,white,https://www.armedangels.com/media/1234x1778x90/af/82/15/1620379424/-taraa01-white.jpg,29.33,33.44,100% Cotton (organic),women,Armed Angels,30бу normal wash; Do not bleach; Dry cleaning not possible Dry cleaning not possible; Drying in dryer not possible Drying in dryer not possible; do not iron hot do not iron hot,0,0,0,0,0,0,0,0,1
133,TARAA,black,https://www.armedangels.com/media/1234x1778x90/be/55/bb/1637666711/-taraa01-black.jpg,29.33,33.44,100% Cotton (organic),women,Armed Angels,30бу normal wash; Do not bleach; Dry cleaning not possible Dry cleaning not possible; Drying in dryer not possible Drying in dryer not possible; do not iron hot do not iron hot,0,0,0,0,0,0,0,0,1
134,TARAA,undyed,https://www.armedangels.com/media/1234x1778x90/c0/d1/09/1638933735/taraa-undyed.jpg,29.33,33.44,100% Cotton (organic),women,Armed Angels,30бу normal wash; Do not bleach; Dry cleaning not possible Dry cleaning not possible; Drying in dryer not possible Drying in dryer not possible; do not iron hot do not iron hot,0,0,0,0,0,0,0,0,1
135,MALENAA STRIPES,pink maple-smoky almond,https://www.armedangels.com/media/1234x1778x90/57/7e/94/1633692097/malenaa-stripes-pink-maple-smoky-almond.jpg,33.53,38.22,100% Cotton (organic),women,Armed Angels,30бу normal wash; Do not bleach; Dry cleaning not possible Dry cleaning not possible; Drying in dryer not possible Drying in dryer not possible; do not iron hot do not iron hot,0,0,0,0,0,0,0,0,1
136,MALENAA STRIPES,ruby red-oatmilk,https://www.armedangels.com/media/1234x1778x90/1a/bf/52/1624279912/malenaa-stripes-ruby-red-oatmilk.jpg,33.53,38.22,100% Cotton (organic),women,Armed Angels,30бу normal wash; Do not bleach; Dry cleaning not possible Dry cleaning not possible; Drying in dryer not possible Drying in dryer not possible; do not iron hot do not iron hot,0,0,0,0,0,0,0,0,1
137,MALENAA STRIPES,copper glow-black,https://www.armedangels.com/media/1234x1778x90/47/66/ef/1631522016/malenaa-stripes-copper-glow-black.jpg,33.53,38.22,100% Cotton (organic),women,Armed Angels,30бу normal wash; Do not bleach; Dry cleaning not possible Dry cleaning not possible; Drying in dryer not possible Drying in dryer not possible; do not iron hot do not iron hot,0,0,0,0,0,0,0,0,1
138,MALENAA STRIPES,black-oatmilk,https://www.armedangels.com/media/1234x1778x90/2a/ab/b0/1625539397/malenaa-stripes-black-oatmilk.jpg,33.53,38.22,100% Cotton (organic),women,Armed Angels,30бу normal wash; Do not bleach; Dry cleaning not possible Dry cleaning not possible; Drying in dryer not possible Drying in dryer not possible; do not iron hot do not iron hot,0,0,0,0,0,0,0,0,1
139,MALENAA STRIPES,light desert-copper glow,https://www.armedangels.com/media/1234x1778x90/7f/0b/b9/1630982234/malenaa-stripes-light-desert-copper-glow.jpg,33.53,38.22,100% Cotton (organic),women,Armed Angels,30бу normal wash; Do not bleach; Dry cleaning not possible Dry cleaning not possible; Drying in dryer not possible Drying in dryer not possible; do not iron hot do not iron hot,0,0,0,0,0,0,0,0,1
140,AADO CIRCULAR,recycled white,https://www.armedangels.com/media/1234x1778x90/81/3a/b5/1615432602/aado-circular-recycled01-white.jpg,33.53,38.22,"50% Cotton (recycled), 50% Lyocell (TENCEL?)",unisex,Armed Angels,30бу normal wash; Do not bleach; Dry cleaning not possible Dry cleaning not possible; Drying in dryer not possible Drying in dryer not possible; do not iron hot do not iron hot,0,0,0,0,0,0,0,0.5,0.5
141,IDAA SOFT HILLS,light desert,https://www.armedangels.com/media/1234x1778x90/a7/15/e4/1630982995/idaa-soft-hills-light-desert.jpg,16.72,19.06,100% Cotton (organic),women,Armed Angels,30бу normal wash; Do not bleach; Dry cleaning not possible Dry cleaning not possible; Drying in dryer not possible Drying in dryer not possible; do not iron hot do not iron hot,0,0,0,0,0,0,0,0,1
142,IDAA SOFT HILLS,shadow blue,https://www.armedangels.com/media/1234x1778x90/04/69/8d/1633333819/idaa-soft-hills-shadow-blue.jpg,16.72,19.06,100% Cotton (organic),women,Armed Angels,30бу normal wash; Do not bleach; Dry cleaning not possible Dry cleaning not possible; Drying in dryer not possible Drying in dryer not possible; do not iron hot do not iron hot,0,0,0,0,0,0,0,0,1
143,IDAA SOFT HILLS,indigo,https://www.armedangels.com/media/1234x1778x90/32/7f/4e/1626320311/idaa-soft-hills-indigo.jpg,16.72,19.06,100% Cotton (organic),women,Armed Angels,30бу normal wash; Do not bleach; Dry cleaning not possible Dry cleaning not possible; Drying in dryer not possible Drying in dryer not possible; do not iron hot do not iron hot,0,0,0,0,0,0,0,0,1
144,IDAA SOFT HILLS,golden harvest,https://www.armedangels.com/media/1234x1778x90/fa/ea/3c/1640320036/idaa-soft-hills-golden-harvest.jpg,16.72,19.06,100% Cotton (organic),women,Armed Angels,30бу normal wash; Do not bleach; Dry cleaning not possible Dry cleaning not possible; Drying in dryer not possible Drying in dryer not possible; do not iron hot do not iron hot,0,0,0,0,0,0,0,0,1
145,NAALIN ODE TO EARTH,white,https://www.armedangels.com/media/1234x1778x90/d8/23/19/1623293445/naalin-ode-to-earth-white.jpg,20.92,23.85,100% Cotton (organic),women,Armed Angels,30бу normal wash; Do not bleach; Dry cleaning not possible Dry cleaning not possible; Drying in dryer not possible Drying in dryer not possible; do not iron hot do not iron hot,0,0,0,0,0,0,0,0,1
146,LAYAA BOTANEE,undyed,https://www.armedangels.com/media/1234x1778x90/79/10/19/1626157911/layaa-botanee01-undyed.jpg,16.72,19.06,100% Cotton (organic),women,Armed Angels,30бу normal wash; Do not bleach; Dry cleaning not possible Dry cleaning not possible; Drying in dryer not possible Drying in dryer not possible; do not iron hot do not iron hot,0,0,0,0,0,0,0,0,1
147,JAARIN KNITTED STRIPE,kitt-black,https://www.armedangels.com/media/1048x1510x90/c5/4d/46/1594130858/jaarin-knitted-stripe-kitt-black.jpg,16.72,19.06,100% Cotton (organic),women,Armed Angels,30бу normal wash; Do not bleach; Dry cleaning not possible Dry cleaning not possible; Drying in dryer not possible Drying in dryer not possible; do not iron hot do not iron hot,0,0,0,0,0,0,0,0,1
148,NELAA GRAPHIC PATCHWORK,undyed,https://www.armedangels.com/media/1234x1778x90/16/0f/e4/1625540215/nelaa-graphic-patchwork-undyed.jpg,16.72,19.06,100% Cotton (organic),women,Armed Angels,30бу normal wash; Do not bleach; Dry cleaning not possible Dry cleaning not possible; Drying in dryer not possible Drying in dryer not possible; do not iron hot do not iron hot,0,0,0,0,0,0,0,0,1
149,NELAA CALM SEA,white,https://www.armedangels.com/media/1048x1510x90/b3/67/39/1619757732/nelaa-calm-sea-white.jpg,12.52,14.27,100% Cotton (organic),women,Armed Angels,30бу normal wash; Do not bleach; Dry cleaning not possible Dry cleaning not possible; Drying in dryer not possible Drying in dryer not possible; do not iron hot do not iron hot,0,0,0,0,0,0,0,0,1
150,NELAA BREATH,white,https://www.armedangels.com/media/1048x1510x90/e6/65/d4/1594132096/nelaa-breath-white.jpg,20.92,23.85,100% Cotton (organic),women,Armed Angels,30бу normal wash; Do not bleach; Dry cleaning not possible Dry cleaning not possible; Drying in dryer not possible Drying in dryer not possible; do not iron hot do not iron hot,0,0,0,0,0,0,0,0,1
151,LAYAA FIELDS,kinoko,https://www.armedangels.com/media/1234x1778x90/92/e4/be/1625540162/layaa-fields-kinoko.jpg,16.72,19.06,100% Cotton (organic),women,Armed Angels,30бу normal wash; Do not bleach; Dry cleaning not possible Dry cleaning not possible; Drying in dryer not possible Drying in dryer not possible; do not iron hot do not iron hot,0,0,0,0,0,0,0,0,1
,JAAMES T-SHIRT MADE OF ORGANIC COTTON,black,https://www.armedangels.com/media/1234x1778x90/d4/b2/70/1643426791/-jaames01-black.jpg,20.92,23.85,100% Cotton (organic),men,Armed Angels,30бу normal wash; Do not bleach; Dry cleaning not possible Dry cleaning not possible; Drying in dryer not possible Drying in dryer not possible; do not iron hot do not iron hot,0,0,0,0,0,0,0,0,1
,JAAMES T-SHIRT MADE OF ORGANIC COTTON,white,https://www.armedangels.com/media/1234x1778x90/83/07/c7/1620958786/-jaames01-white.jpg,20.92,23.85,100% Cotton (organic),men,Armed Angels,30бу normal wash; Do not bleach; Dry cleaning not possible Dry cleaning not possible; Drying in dryer not possible Drying in dryer not possible; do not iron hot do not iron hot,0,0,0,0,0,0,0,0,1
,JAAMES T-SHIRT MADE OF ORGANIC COTTON,acid black,https://www.armedangels.com/media/1234x1778x90/91/1f/eb/1642736487/jaames-acid01-black.jpg,20.92,23.85,100% Cotton (organic),men,Armed Angels,30бу normal wash; Do not bleach; Dry cleaning not possible Dry cleaning not possible; Drying in dryer not possible Drying in dryer not possible; do not iron hot do not iron hot,0,0,0,0,0,0,0,0,1
,JAAMES T-SHIRT MADE OF ORGANIC COTTON,luna rock,https://www.armedangels.com/media/1234x1777x90/9c/09/a2/1611803261/jaames-luna-rock.jpg,20.92,23.85,100% Cotton (organic),men,Armed Angels,30бу normal wash; Do not bleach; Dry cleaning not possible Dry cleaning not possible; Drying in dryer not possible Drying in dryer not possible; do not iron hot do not iron hot,0,0,0,0,0,0,0,0,1
,JAAMES T-SHIRT MADE OF ORGANIC COTTON,dark pine,https://www.armedangels.com/media/1234x1778x90/de/f2/94/1629253641/jaames-dark-pine.jpg,20.92,23.85,100% Cotton (organic),men,Armed Angels,30бу normal wash; Do not bleach; Dry cleaning not possible Dry cleaning not possible; Drying in dryer not possible Drying in dryer not possible; do not iron hot do not iron hot,0,0,0,0,0,0,0,0,1
,JAAMES T-SHIRT MADE OF ORGANIC COTTON,undyed,https://www.armedangels.com/media/1234x1778x90/53/7a/cb/1642476631/jaames-undyed.jpg,20.92,23.85,100% Cotton (organic),men,Armed Angels,30бу normal wash; Do not bleach; Dry cleaning not possible Dry cleaning not possible; Drying in dryer not possible Drying in dryer not possible; do not iron hot do not iron hot,0,0,0,0,0,0,0,0,1
,JAAMES T-SHIRT MADE OF ORGANIC COTTON,icy moss,https://www.armedangels.com/media/1234x1778x90/ed/d8/eb/1631521825/jaames-icy-moss.jpg,20.92,23.85,100% Cotton (organic),men,Armed Angels,30бу normal wash; Do not bleach; Dry cleaning not possible Dry cleaning not possible; Drying in dryer not possible Drying in dryer not possible; do not iron hot do not iron hot,0,0,0,0,0,0,0,0,1
,JAAMES T-SHIRT MADE OF ORGANIC COTTON,winter light,https://www.armedangels.com/media/1234x1778x90/b7/af/ce/1630981870/jaames-winter-light-05.jpg,20.92,23.85,100% Cotton (organic),men,Armed Angels,30бу normal wash; Do not bleach; Dry cleaning not possible Dry cleaning not possible; Drying in dryer not possible Drying in dryer not possible; do not iron hot do not iron hot,0,0,0,0,0,0,0,0,1
,JAAMES T-SHIRT MADE OF ORGANIC COTTON,night sky,https://www.armedangels.com/media/1234x1778x90/2d/0f/a5/1642476630/jaames-night-sky.jpg,20.92,23.85,100% Cotton (organic),men,Armed Angels,30бу normal wash; Do not bleach; Dry cleaning not possible Dry cleaning not possible; Drying in dryer not possible Drying in dryer not possible; do not iron hot do not iron hot,0,0,0,0,0,0,0,0,1
,JAAMES T-SHIRT MADE OF ORGANIC COTTON,cloudbusting,https://www.armedangels.com/media/1234x1778x90/55/22/dc/1642476636/jaames-cloudbusting.jpg,20.92,23.85,100% Cotton (organic),men,Armed Angels,30бу normal wash; Do not bleach; Dry cleaning not possible Dry cleaning not possible; Drying in dryer not possible Drying in dryer not possible; do not iron hot do not iron hot,0,0,0,0,0,0,0,0,1
,JAAMES T-SHIRT MADE OF ORGANIC COTTON,myrtales,https://www.armedangels.com/media/1234x1778x90/93/1e/c5/1639452808/jaames-myrtales.jpg,20.92,23.85,100% Cotton (organic),men,Armed Angels,30бу normal wash; Do not bleach; Dry cleaning not possible Dry cleaning not possible; Drying in dryer not possible Drying in dryer not possible; do not iron hot do not iron hot,0,0,0,0,0,0,0,0,1
,JAAMES T-SHIRT MADE OF ORGANIC COTTON,graphite,https://www.armedangels.com/media/1234x1778x90/52/1f/21/1642476634/jaames-graphite.jpg,20.92,23.85,100% Cotton (organic),men,Armed Angels,30бу normal wash; Do not bleach; Dry cleaning not possible Dry cleaning not possible; Drying in dryer not possible Drying in dryer not possible; do not iron hot do not iron hot,0,0,0,0,0,0,0,0,1
,AALEX UNDYED T-SHIRT MADE OF ORGANIC COTTON,undyed,https://www.armedangels.com/media/1048x1510x90/58/81/ae/1613532540/aalex-undyed-undyed.jpg,37.73,43.01,100% Cotton (organic),men,Armed Angels,30бу normal wash; Do not bleach; Dry cleaning not possible Dry cleaning not possible; Drying in dryer not possible Drying in dryer not possible; do not iron hot do not iron hot,0,0,0,0,0,0,0,0,1
,AALEX T-SHIRT MADE OF ORGANIC COTTON,black,https://www.armedangels.com/media/1234x1778x90/f4/18/70/1627354146/aalex-black.jpg,37.73,43.01,100% Cotton (organic),men,Armed Angels,30бу normal wash; Do not bleach; Dry cleaning not possible Dry cleaning not possible; Drying in dryer not possible Drying in dryer not possible; do not iron hot do not iron hot,0,0,0,0,0,0,0,0,1
,AALEX SOLID T-SHIRT MADE OF ORGANIC COTTON,undyed,https://www.armedangels.com/media/1234x1778x90/92/68/43/1643518748/aalex-solid-undyed.jpg,37.73,43.01,100% Cotton (organic),men,Armed Angels,30бу normal wash; Do not bleach; Dry cleaning not possible Dry cleaning not possible; Drying in dryer not possible Drying in dryer not possible; do not iron hot do not iron hot,0,0,0,0,0,0,0,0,1
,AALEX SOLID T-SHIRT MADE OF ORGANIC COTTON,graphite,https://www.armedangels.com/media/1234x1778x90/e1/7e/b8/1642044616/aalex-solid-graphite.jpg,37.73,43.01,100% Cotton (organic),men,Armed Angels,30бу normal wash; Do not bleach; Dry cleaning not possible Dry cleaning not possible; Drying in dryer not possible Drying in dryer not possible; do not iron hot do not iron hot,0,0,0,0,0,0,0,0,1
,AALEX SOLID T-SHIRT MADE OF ORGANIC COTTON,indigo blue,https://www.armedangels.com/media/1234x1778x90/61/b1/91/1642654775/aalex-solid-indigo-blue.jpg,37.73,43.01,100% Cotton (organic),men,Armed Angels,30бу normal wash; Do not bleach; Dry cleaning not possible Dry cleaning not possible; Drying in dryer not possible Drying in dryer not possible; do not iron hot do not iron hot,0,0,0,0,0,0,0,0,1
,JAAMES STRUCTURE T-SHIRT MADE OF ORGANIC COTTON,cloudbusting - night sky,https://www.armedangels.com/media/1234x1777x90/2a/34/7a/1642563243/jaames-structure-cloudbusting-night-sky.jpg,33.53,38.22,100% Cotton (organic),men,Armed Angels,30бу normal wash; Do not bleach; Dry cleaning not possible Dry cleaning not possible; Drying in dryer not possible Drying in dryer not possible; do not iron hot do not iron hot,0,0,0,0,0,0,0,0,1
,JAAMES STRUCTURE T-SHIRT MADE OF ORGANIC COTTON,dark pine-luna rock,https://www.armedangels.com/media/1234x1778x90/43/52/d9/1626317975/maark-structure-dark-pine-luna-rock.jpg,12.52,14.27,100% Cotton (organic),men,Armed Angels,30бу normal wash; Do not bleach; Dry cleaning not possible Dry cleaning not possible; Drying in dryer not possible Drying in dryer not possible; do not iron hot do not iron hot,0,0,0,0,0,0,0,0,1
,JAAMES STRUCTURE T-SHIRT MADE OF ORGANIC COTTON,depth navy-marazine blue,https://www.armedangels.com/media/1234x1851x90/9c/25/e3/1625281511/jaames-structure-depth-navy-marazine-blue.jpg,20.92,23.85,100% Cotton (organic),men,Armed Angels,30бу normal wash; Do not bleach; Dry cleaning not possible Dry cleaning not possible; Drying in dryer not possible Drying in dryer not possible; do not iron hot do not iron hot,0,0,0,0,0,0,0,0,1
,JAAMES STRUCTURE T-SHIRT MADE OF ORGANIC COTTON,night sky-undyed,https://www.armedangels.com/media/1234x1778x90/2f/c0/70/1643167444/jaames-structure-night-sky-undyed.jpg,33.53,38.22,100% Cotton (organic),men,Armed Angels,30бу normal wash; Do not bleach; Dry cleaning not possible Dry cleaning not possible; Drying in dryer not possible Drying in dryer not possible; do not iron hot do not iron hot,0,0,0,0,0,0,0,0,1
,JAAMES STRUCTURE T-SHIRT MADE OF ORGANIC COTTON,myrtales-undyed,https://www.armedangels.com/media/1234x1778x90/bc/da/3b/1642563239/jaames-structure-myrtales-undyed.jpg,33.53,38.22,100% Cotton (organic),men,Armed Angels,30бу normal wash; Do not bleach; Dry cleaning not possible Dry cleaning not possible; Drying in dryer not possible Drying in dryer not possible; do not iron hot do not iron hot,0,0,0,0,0,0,0,0,1
,JAAMES SNAAP HOOK T-SHIRT MADE OF ORGANIC COTTON,graphite,https://www.armedangels.com/media/1234x1778x90/c5/b5/19/1640322444/jaames-snaap-hook-graphite.jpg,25.13,28.65,100% Cotton (organic),men,Armed Angels,30бу normal wash; Do not bleach; Dry cleaning not possible Dry cleaning not possible; Drying in dryer not possible Drying in dryer not possible; do not iron hot do not iron hot,0,0,0,0,0,0,0,0,1
,JAAMES SNAAP HOOK T-SHIRT MADE OF ORGANIC COTTON,myrtales,https://www.armedangels.com/media/1048x1510x90/0c/36/21/1640322448/jaames-snaap-hook-myrtales-08.jpg,25.13,28.65,100% Cotton (organic),men,Armed Angels,30бу normal wash; Do not bleach; Dry cleaning not possible Dry cleaning not possible; Drying in dryer not possible Drying in dryer not possible; do not iron hot do not iron hot,0,0,0,0,0,0,0,0,1
,JAAMES OUR LAAND T-SHIRT MADE OF ORGANIC COTTON,night sky,https://www.armedangels.com/media/1234x1778x90/47/9a/07/1644469316/jaames-our-laand-night-sky.jpg,25.13,28.65,100% Cotton (organic),men,Armed Angels,30бу normal wash; Do not bleach; Dry cleaning not possible Dry cleaning not possible; Drying in dryer not possible Drying in dryer not possible; do not iron hot do not iron hot,0,0,0,0,0,0,0,0,1
,RAAOUL T-SHIRT MADE OF ORGANIC COTTON,black,https://www.armedangels.com/media/1234x1778x90/a2/3b/d5/1640322688/raaoul-black.jpg,41.93,47.80,100% Cotton (organic),men,Armed Angels,30бу normal wash; Do not bleach; Dry cleaning not possible Dry cleaning not possible; Drying in dryer not possible Drying in dryer not possible; do not iron hot do not iron hot,0,0,0,0,0,0,0,0,1
,AADO REPAIR REUSE T-SHIRT MADE OF ORGANIC COTTON,white,https://www.armedangels.com/media/1234x1778x90/74/1b/93/1644469133/aado-repair-reuse-white.jpg,29.33,33.44,100% Cotton (organic),men,Armed Angels,30бу normal wash; Do not bleach; Dry cleaning not possible Dry cleaning not possible; Drying in dryer not possible Drying in dryer not possible; do not iron hot do not iron hot,0,0,0,0,0,0,0,0,1
,AADO REPAIR REUSE T-SHIRT MADE OF ORGANIC COTTON,cloudbusting,https://www.armedangels.com/media/1048x1510x90/13/e6/a3/1644469136/aado-repair-reuse-cloudbusting-08.jpg,29.33,33.44,100% Cotton (organic),men,Armed Angels,30бу normal wash; Do not bleach; Dry cleaning not possible Dry cleaning not possible; Drying in dryer not possible Drying in dryer not possible; do not iron hot do not iron hot,0,0,0,0,0,0,0,0,1
,AADO REPAIR REUSE T-SHIRT MADE OF ORGANIC COTTON,graphite,https://www.armedangels.com/media/1234x1778x90/e1/02/95/1644469132/aado-repair-reuse-graphite-08.jpg,29.33,33.44,100% Cotton (organic),men,Armed Angels,30бу normal wash; Do not bleach; Dry cleaning not possible Dry cleaning not possible; Drying in dryer not possible Drying in dryer not possible; do not iron hot do not iron hot,0,0,0,0,0,0,0,0,1
,AADO STRIPES T-SHIRT MADE OF ORGANIC COTTON,undyed-night sky,https://www.armedangels.com/media/1234x1778x90/be/04/c7/1640322283/aado-stripes-undyed-night-sky.jpg,37.73,43.01,100% Cotton (organic),men,Armed Angels,30бу normal wash; Do not bleach; Dry cleaning not possible Dry cleaning not possible; Drying in dryer not possible Drying in dryer not possible; do not iron hot do not iron hot,0,0,0,0,0,0,0,0,1
,AADO CLOUD T-SHIRT MADE OF ORGANIC COTTON,black,https://www.armedangels.com/media/1234x1778x90/94/1d/6d/1639194735/aado-cloud-black.jpg,33.53,38.22,100% Cotton (organic),men,Armed Angels,30бу normal wash; Do not bleach; Dry cleaning not possible Dry cleaning not possible; Drying in dryer not possible Drying in dryer not possible; do not iron hot do not iron hot,0,0,0,0,0,0,0,0,1
,JAAMES SOUND WAVES T-SHIRT MADE OF ORGANIC COTTON,graphite,https://www.armedangels.com/media/1234x1778x90/fb/13/be/1644033871/jaames-sound-waves-graphite.jpg,25.13,28.65,100% Cotton (organic),men,Armed Angels,30бу normal wash; Do not bleach; Dry cleaning not possible Dry cleaning not possible; Drying in dryer not possible Drying in dryer not possible; do not iron hot do not iron hot,0,0,0,0,0,0,0,0,1
,JAAMES SOUND WAVES T-SHIRT MADE OF ORGANIC COTTON,cloudbusting,https://www.armedangels.com/media/1048x1510x90/63/2a/34/1643258147/jaames-sound-waves-cloudbusting-08.jpg,25.13,28.65,100% Cotton (organic),men,Armed Angels,30бу normal wash; Do not bleach; Dry cleaning not possible Dry cleaning not possible; Drying in dryer not possible Drying in dryer not possible; do not iron hot do not iron hot,0,0,0,0,0,0,0,0,1
,JAAMES SOUND WAVES T-SHIRT MADE OF ORGANIC COTTON,myrtales,https://www.armedangels.com/media/1234x1778x90/54/4b/1f/1644033875/jaames-sound-waves-myrtales.jpg,25.13,28.65,100% Cotton (organic),men,Armed Angels,30бу normal wash; Do not bleach; Dry cleaning not possible Dry cleaning not possible; Drying in dryer not possible Drying in dryer not possible; do not iron hot do not iron hot,0,0,0,0,0,0,0,0,1
,PAANOS LONGSLEEVE MADE OF ORGANIC COTTON,undyed,https://www.armedangels.com/media/1234x1778x90/34/73/78/1642661483/paanos-undyed.jpg,37.73,43.01,100% Cotton (organic),men,Armed Angels,30бу normal wash; Do not bleach; Dry cleaning not possible Dry cleaning not possible; Drying in dryer not possible Drying in dryer not possible; do not iron hot do not iron hot,0,0,0,0,0,0,0,0,1
,PAANOS LONGSLEEVE MADE OF ORGANIC COTTON,night sky,https://www.armedangels.com/media/1234x1778x90/ff/b7/4c/1642047242/paanos-night-sky.jpg,37.73,43.01,100% Cotton (organic),men,Armed Angels,30бу normal wash; Do not bleach; Dry cleaning not possible Dry cleaning not possible; Drying in dryer not possible Drying in dryer not possible; do not iron hot do not iron hot,0,0,0,0,0,0,0,0,1
,PAANOS LONGSLEEVE MADE OF ORGANIC COTTON,indigo blue,https://www.armedangels.com/media/1048x1510x90/24/86/99/1642047245/paanos-indigo-blue-08.jpg,37.73,43.01,100% Cotton (organic),men,Armed Angels,30бу normal wash; Do not bleach; Dry cleaning not possible Dry cleaning not possible; Drying in dryer not possible Drying in dryer not possible; do not iron hot do not iron hot,0,0,0,0,0,0,0,0,1
,JAAMES MOUNTAINTOP,graphite,https://www.armedangels.com/media/1234x1778x90/49/e4/d3/1640749600/jaames-mountaintop-graphite.jpg,25.13,28.65,100% Cotton (organic),men,Armed Angels,30бу normal wash; Do not bleach; Dry cleaning not possible Dry cleaning not possible; Drying in dryer not possible Drying in dryer not possible; do not iron hot do not iron hot,0,0,0,0,0,0,0,0,1
,JAAMES MOUNTAINTOP,myrtales,https://www.armedangels.com/media/1234x1778x90/6e/59/07/1640749604/jaames-mountaintop-myrtales.jpg,25.13,28.65,100% Cotton (organic),men,Armed Angels,30бу normal wash; Do not bleach; Dry cleaning not possible Dry cleaning not possible; Drying in dryer not possible Drying in dryer not possible; do not iron hot do not iron hot,0,0,0,0,0,0,0,0,1
,AADO BLIS T-SHIRT MADE OF ORGANIC COTTON,white,https://www.armedangels.com/media/1234x1778x90/9b/8e/1b/1644469116/aado-bliss-white.jpg,29.33,33.44,100% Cotton (organic),men,Armed Angels,30бу normal wash; Do not bleach; Dry cleaning not possible Dry cleaning not possible; Drying in dryer not possible Drying in dryer not possible; do not iron hot do not iron hot,0,0,0,0,0,0,0,0,1
,JAARLO SOLID LONGSLEEVE MADE OF ORGANIC COTTON,white,https://www.armedangels.com/media/1234x1778x90/9c/d0/02/1639194533/jaarlo-white.jpg,29.33,33.44,100% Cotton (organic),men,Armed Angels,30бу normal wash; Do not bleach; Dry cleaning not possible Dry cleaning not possible; Drying in dryer not possible Drying in dryer not possible; do not iron hot do not iron hot,0,0,0,0,0,0,0,0,1
,AALEX HERITAGE T-SHIRT MADE OF ORGANIC COTTON,black,https://www.armedangels.com/media/1234x1778x90/df/ed/ed/1642661143/aalex-heritage-black.jpg,50.34,57.39,100% Cotton (organic),men,Armed Angels,30бу normal wash; Do not bleach; Dry cleaning not possible Dry cleaning not possible; Drying in dryer not possible Drying in dryer not possible; do not iron hot do not iron hot,0,0,0,0,0,0,0,0,1
,AALEX HERITAGE T-SHIRT MADE OF ORGANIC COTTON,indigo blue,https://www.armedangels.com/media/1234x1778x90/11/41/bd/1642661146/aalex-heritage-indigo-blue.jpg,50.34,57.39,100% Cotton (organic),men,Armed Angels,30бу normal wash; Do not bleach; Dry cleaning not possible Dry cleaning not possible; Drying in dryer not possible Drying in dryer not possible; do not iron hot do not iron hot,0,0,0,0,0,0,0,0,1
,AADO AMBRO T-SHIRT MADE OF ORGANIC COTTON,night sky,https://www.armedangels.com/media/1234x1778x90/d9/2a/00/1639194691/aado-ambro-night-sky.jpg,29.33,33.44,100% Cotton (organic),men,Armed Angels,30бу normal wash; Do not bleach; Dry cleaning not possible Dry cleaning not possible; Drying in dryer not possible Drying in dryer not possible; do not iron hot do not iron hot,0,0,0,0,0,0,0,0,1
,AADO AMBRO T-SHIRT MADE OF ORGANIC COTTON,myrtales,https://www.armedangels.com/media/1234x1778x90/87/3a/36/1642047041/aado-ambro-myrtales.jpg,29.33,33.44,100% Cotton (organic),men,Armed Angels,30бу normal wash; Do not bleach; Dry cleaning not possible Dry cleaning not possible; Drying in dryer not possible Drying in dryer not possible; do not iron hot do not iron hot,0,0,0,0,0,0,0,0,1
,JAAMES AQUA BIKE T-SHIRT MADE OF ORGANIC COTTON,graphite,https://www.armedangels.com/media/1234x1778x90/c1/a9/c5/1642047158/jaames-aqua-bike-graphite.jpg,25.13,28.65,100% Cotton (organic),men,Armed Angels,30бу normal wash; Do not bleach; Dry cleaning not possible Dry cleaning not possible; Drying in dryer not possible Drying in dryer not possible; do not iron hot do not iron hot,0,0,0,0,0,0,0,0,1
,JAAMES AQUA BIKE T-SHIRT MADE OF ORGANIC COTTON,myrtales,https://www.armedangels.com/media/1234x1778x90/03/88/24/1642661375/jaames-aqua-bike-myrtales.jpg,25.13,28.65,100% Cotton (organic),men,Armed Angels,30бу normal wash; Do not bleach; Dry cleaning not possible Dry cleaning not possible; Drying in dryer not possible Drying in dryer not possible; do not iron hot do not iron hot,0,0,0,0,0,0,0,0,1
,AADO CIRCULAR LOGO,recycled white,https://www.armedangels.com/media/1234x1777x90/84/b9/0b/1630033794/aado-circular-logo-recycled-white.jpg,33.53,38.22,"50% Cotton (recycled), 50% Lyocell (TENCEL?)",men,Armed Angels,30бу normal wash; Do not bleach; Dry cleaning not possible Dry cleaning not possible; Drying in dryer not possible Drying in dryer not possible; do not iron hot do not iron hot,0,0,0,0,0,0,0,0.5,0.5
,AADO CIRCULAR CIRCULAR TEE: TRASH INSIDE,recycled white,https://www.armedangels.com/media/1234x1778x90/e0/ae/a7/1615001245/aado-circular-recycled-white-05.jpg,33.53,38.22,"50% Cotton (recycled), 50% Lyocell (TENCEL?)",men,Armed Angels,30бу normal wash; Do not bleach; Dry cleaning not possible Dry cleaning not possible; Drying in dryer not possible Drying in dryer not possible; do not iron hot do not iron hot,0,0,0,0,0,0,0,0.5,0.5
,JAAMES MUSIQUE T-SHIRT MADE OF ORGANIC COTTON,night sky,https://www.armedangels.com/media/1234x1778x90/08/f2/ca/1639626415/jaames-musique-night-sky.jpg,25.13,28.65,100% Cotton (organic),men,Armed Angels,30бу normal wash; Do not bleach; Dry cleaning not possible Dry cleaning not possible; Drying in dryer not possible Drying in dryer not possible; do not iron hot do not iron hot,0,0,0,0,0,0,0,0,1
,JAAMES MUSIQUE T-SHIRT MADE OF ORGANIC COTTON,graphite,https://www.armedangels.com/media/1048x1510x90/b4/2d/ce/1639626419/jaames-musique-graphite-08.jpg,25.13,28.65,100% Cotton (organic),men,Armed Angels,30бу normal wash; Do not bleach; Dry cleaning not possible Dry cleaning not possible; Drying in dryer not possible Drying in dryer not possible; do not iron hot do not iron hot,0,0,0,0,0,0,0,0,1
,JAAMES CHEST MOUNTAIN T-SHIRT MADE OF ORGANIC COTTON,myrtales,https://www.armedangels.com/media/1234x1778x90/b8/ac/e8/1644033849/jaames-chest-mountain-myrtales.jpg,25.13,28.65,100% Cotton (organic),men,Armed Angels,30бу normal wash; Do not bleach; Dry cleaning not possible Dry cleaning not possible; Drying in dryer not possible Drying in dryer not possible; do not iron hot do not iron hot,0,0,0,0,0,0,0,0,1
,AADO STRIPES T-SHIRT MADE OF ORGANIC COTTON,myrtales - night sky,https://www.armedangels.com/media/1234x1778x90/5d/fa/00/1642660311/aado-stripes-myrtales-night-sky.jpg,37.73,43.01,100% Cotton (organic),men,Armed Angels,30бу normal wash; Do not bleach; Dry cleaning not possible Dry cleaning not possible; Drying in dryer not possible Drying in dryer not possible; do not iron hot do not iron hot,0,0,0,0,0,0,0,0,1
,JAAMES BIKE EMBRO T-SHIRT MADE OF ORGANIC COTTON,icy moss,https://www.armedangels.com/media/1234x1778x90/79/bc/89/1631522572/jaames-bike-embro-icy-moss.jpg,25.13,28.65,100% Cotton (organic),men,Armed Angels,30бу normal wash; Do not bleach; Dry cleaning not possible Dry cleaning not possible; Drying in dryer not possible Drying in dryer not possible; do not iron hot do not iron hot,0,0,0,0,0,0,0,0,1
,JAAMES BIKE EMBRO T-SHIRT MADE OF ORGANIC COTTON,acid black,https://www.armedangels.com/media/1234x1778x90/e5/fb/62/1630983674/jaames-bike-embro-acid-black.jpg,16.72,19.06,100% Cotton (organic),men,Armed Angels,30бу normal wash; Do not bleach; Dry cleaning not possible Dry cleaning not possible; Drying in dryer not possible Drying in dryer not possible; do not iron hot do not iron hot,0,0,0,0,0,0,0,0,1
,ELMAAR STRIPES LONGSLEEVE MADE OF ORGANIC COTTON,undyed-night sky,https://www.armedangels.com/media/1234x1777x90/9b/d8/e0/1639194337/elmaar-stripes-undyed-night-sky.jpg,58.74,66.96,100% Cotton (organic),men,Armed Angels,30бу normal wash; Do not bleach; Dry cleaning not possible Dry cleaning not possible; Drying in dryer not possible Drying in dryer not possible; do not iron hot do not iron hot,0,0,0,0,0,0,0,0,1
,JOHAAN SOFT BRUSHED T-SHIRT MADE OF ORGANIC COTTON,acid black,https://www.armedangels.com/media/1234x1778x90/f4/2c/c7/1633329657/johaan-soft-brushed-acid-black.jpg,37.73,43.01,100% Cotton (organic),men,Armed Angels,30бу normal wash; Do not bleach; Dry cleaning not possible Dry cleaning not possible; Drying in dryer not possible Drying in dryer not possible; do not iron hot do not iron hot,0,0,0,0,0,0,0,0,1
,AADO SMILE T-SHIRT MADE OF ORGANIC COTTON,black,https://www.armedangels.com/media/1234x1778x90/b3/82/a6/1633335343/aado-smile-black.jpg,33.53,38.22,100% Cotton (organic),men,Armed Angels,30бу normal wash; Do not bleach; Dry cleaning not possible Dry cleaning not possible; Drying in dryer not possible Drying in dryer not possible; do not iron hot do not iron hot,0,0,0,0,0,0,0,0,1
,WAADO UNDYED T-SHIRT MADE OF ORGANIC COTTON,undyed,https://www.armedangels.com/media/1234x1778x90/38/88/55/1630983794/waado-undyed-undyed.jpg,33.53,38.22,100% Cotton (organic),men,Armed Angels,30бу normal wash; Do not bleach; Dry cleaning not possible Dry cleaning not possible; Drying in dryer not possible Drying in dryer not possible; do not iron hot do not iron hot,0,0,0,0,0,0,0,0,1
,JAAMES BICYCLE T-SHIRT MADE OF ORGANIC COTTON,white,https://www.armedangels.com/media/1234x1778x90/1f/74/5c/1614741184/jaames-bicycle-white.jpg,25.13,28.65,100% Cotton (organic),men,Armed Angels,30бу normal wash; Do not bleach; Dry cleaning not possible Dry cleaning not possible; Drying in dryer not possible Drying in dryer not possible; do not iron hot do not iron hot,0,0,0,0,0,0,0,0,1
,JAAMES BICYCLE T-SHIRT MADE OF ORGANIC COTTON,night sky,https://www.armedangels.com/media/1048x1510x90/8a/bb/b8/1639624589/jaames-bicycle-night-sky-08.jpg,25.13,28.65,100% Cotton (organic),men,Armed Angels,30бу normal wash; Do not bleach; Dry cleaning not possible Dry cleaning not possible; Drying in dryer not possible Drying in dryer not possible; do not iron hot do not iron hot,0,0,0,0,0,0,0,0,1
,AADO SOLIDARITY 01 T-SHIRT MADE OF ORGANIC COTTON (MENS FIT),white,https://www.armedangels.com/media/1234x1778x90/d6/a7/d6/1615432616/aado-solidarity-0101-white.jpg,33.53,38.22,100% Cotton (organic),men,Armed Angels,30бу normal wash; Do not bleach; Dry cleaning not possible Dry cleaning not possible; Drying in dryer not possible Drying in dryer not possible; do not iron hot do not iron hot,0,0,0,0,0,0,0,0,1
,JUKAA UNDYED LONGSLEEVE MADE OF ORGANIC COTTON,undyed,https://www.armedangels.com/media/1234x1778x90/fc/aa/2c/1630983774/jukaa-undyed-undyed.jpg,41.93,47.80,100% Cotton (organic),men,Armed Angels,30бу normal wash; Do not bleach; Dry cleaning not possible Dry cleaning not possible; Drying in dryer not possible Drying in dryer not possible; do not iron hot do not iron hot,0,0,0,0,0,0,0,0,1
,STIAAN T-SHIRT MADE OF ORGANIC COTTON,dark sand,https://www.armedangels.com/media/1234x1778x90/3b/72/f2/1617761327/stiaan-dark01-sand.jpg,29.33,33.44,100% Cotton (organic),men,Armed Angels,30бу normal wash; Do not bleach; Dry cleaning not possible Dry cleaning not possible; Drying in dryer not possible Drying in dryer not possible; do not iron hot do not iron hot,0,0,0,0,0,0,0,0,1
,HELMAAR T-SHIRT MADE OF TENCEL? MIX,white,https://www.armedangels.com/media/1234x1778x90/af/58/b5/1643860157/helmaar-white.jpg,20.92,23.85,"95% Modal (TENCEL?), 5% Elasthane",men,Armed Angels,30бу normal wash; Do not bleach; Dry cleaning not possible Dry cleaning not possible; Drying in dryer not possible Drying in dryer not possible; do not iron hot do not iron hot,0,0,0.05,0,0,0,0.95,0,1
,HELMAAR T-SHIRT MADE OF TENCEL? MIX,black,https://www.armedangels.com/media/1234x1778x90/8f/4b/c2/1643860149/helmaar-black.jpg,20.92,23.85,"95% Modal (TENCEL?), 5% Elasthane",men,Armed Angels,30бу normal wash; Do not bleach; Dry cleaning not possible Dry cleaning not possible; Drying in dryer not possible Drying in dryer not possible; do not iron hot do not iron hot,0,0,0,0,0,0,0,0,1
,HELMAAR T-SHIRT MADE OF TENCEL? MIX,grey melange,https://www.armedangels.com/media/1234x1778x90/55/18/3d/1643860155/helmaar-grey-melange.jpg,20.92,23.85,"95% Modal (TENCEL?), 5% Elasthane",men,Armed Angels,30бу normal wash; Do not bleach; Dry cleaning not possible Dry cleaning not possible; Drying in dryer not possible Drying in dryer not possible; do not iron hot do not iron hot,0,0,0,0,0,0,0,0,1
,HELMAAR T-SHIRT MADE OF TENCEL? MIX,night sky,https://www.armedangels.com/media/1234x1778x90/bf/08/c4/1643860152/helmaar-night-sky.jpg,20.92,23.85,"95% Modal (TENCEL?), 5% Elasthane",men,Armed Angels,30бу normal wash; Do not bleach; Dry cleaning not possible Dry cleaning not possible; Drying in dryer not possible Drying in dryer not possible; do not iron hot do not iron hot,0,0,0,0,0,0,0,0,1
,AADO BETTER WORLD T-SHIRT MADE OF ORGANIC COTTON,black,https://www.armedangels.com/media/1234x1778x90/67/17/6a/1626319952/aado-better-world-black.jpg,25.13,28.65,100% Cotton (organic),men,Armed Angels,30бу normal wash; Do not bleach; Dry cleaning not possible Dry cleaning not possible; Drying in dryer not possible Drying in dryer not possible; do not iron hot do not iron hot,0,0,0,0,0,0,0,0,1
,JAAMES STATEMENT T-SHIRT MADE OF ORGANIC COTTON,acid black,https://www.armedangels.com/media/1234x1778x90/8b/73/d6/1614741447/jaames-statement-acid-black.jpg,12.52,14.27,100% Cotton (organic),men,Armed Angels,30бу normal wash; Do not bleach; Dry cleaning not possible Dry cleaning not possible; Drying in dryer not possible Drying in dryer not possible; do not iron hot do not iron hot,0,0,0,0,0,0,0,0,1
,ELDAAR LONGSLEEVE MADE OF ORGANIC COTTON,depth navy,https://www.armedangels.com/media/1234x1778x90/4d/b3/4a/1633406241/eldaar-depth-navy.jpg,29.33,33.44,100% Cotton (organic),men,Armed Angels,30бу normal wash; Do not bleach; Dry cleaning not possible Dry cleaning not possible; Drying in dryer not possible Drying in dryer not possible; do not iron hot do not iron hot,0,0,0,0,0,0,0,0,1
,AADO EARTHCOLORS? T-SHIRT MADE OF ORGANIC COTTON,natural dusty rose,https://www.armedangels.com/media/1234x1778x90/19/9a/d6/1628654944/aado-earthcolors-R-natural-dusty01-rose.jpg,20.92,23.85,100% Cotton (organic),men,Armed Angels,30бу normal wash; Do not bleach; Dry cleaning not possible Dry cleaning not possible; Drying in dryer not possible Drying in dryer not possible; do not iron hot do not iron hot,0,0,0,0,0,0,0,0,1
,AADO T-SHIRT MADE OF ORGANIC COTTON,white,https://www.armedangels.com/media/1234x1778x90/90/0f/1b/1621414352/-aado01-white.jpg,29.33,33.44,100% Cotton (organic),men,Armed Angels,30бу normal wash; Do not bleach; Dry cleaning not possible Dry cleaning not possible; Drying in dryer not possible Drying in dryer not possible; do not iron hot do not iron hot,0,0,0,0,0,0,0,0,1
,AADO T-SHIRT MADE OF ORGANIC COTTON,black,https://www.armedangels.com/media/1048x1510x90/da/26/b4/1603159896/aado-black.jpg,29.33,33.44,100% Cotton (organic),men,Armed Angels,30бу normal wash; Do not bleach; Dry cleaning not possible Dry cleaning not possible; Drying in dryer not possible Drying in dryer not possible; do not iron hot do not iron hot,0,0,0,0,0,0,0,0,1
,AADO T-SHIRT MADE OF ORGANIC COTTON,acid black,https://www.armedangels.com/media/1234x1778x90/42/9a/90/1620267495/aado-acid01-black.jpg,29.33,33.44,100% Cotton (organic),men,Armed Angels,30бу normal wash; Do not bleach; Dry cleaning not possible Dry cleaning not possible; Drying in dryer not possible Drying in dryer not possible; do not iron hot do not iron hot,0,0,0,0,0,0,0,0,1
,AADO T-SHIRT MADE OF ORGANIC COTTON,undyed,https://www.armedangels.com/media/1048x1510x90/68/3f/49/1613532553/aado-undyed-undyed.jpg,29.33,33.44,100% Cotton (organic),men,Armed Angels,30бу normal wash; Do not bleach; Dry cleaning not possible Dry cleaning not possible; Drying in dryer not possible Drying in dryer not possible; do not iron hot do not iron hot,0,0,0,0,0,0,0,0,1
,AADO T-SHIRT MADE OF ORGANIC COTTON,depth navy,https://www.armedangels.com/media/1234x1778x90/18/ba/3c/1612840519/aado-depth-navy.jpg,29.33,33.44,100% Cotton (organic),men,Armed Angels,30бу normal wash; Do not bleach; Dry cleaning not possible Dry cleaning not possible; Drying in dryer not possible Drying in dryer not possible; do not iron hot do not iron hot,0,0,0,0,0,0,0,0,1
,AADO T-SHIRT MADE OF ORGANIC COTTON,dark aubergine,https://www.armedangels.com/media/1048x1510x90/7f/1a/28/1623291736/aado-dark-aubergine-08.jpg,29.33,33.44,100% Cotton (organic),men,Armed Angels,30бу normal wash; Do not bleach; Dry cleaning not possible Dry cleaning not possible; Drying in dryer not possible Drying in dryer not possible; do not iron hot do not iron hot,0,0,0,0,0,0,0,0,1
,AADO T-SHIRT MADE OF ORGANIC COTTON,dark sage,https://www.armedangels.com/media/1048x1510x90/9b/28/4a/1594922968/aado-dark-sage.jpg,29.33,33.44,100% Cotton (organic),men,Armed Angels,30бу normal wash; Do not bleach; Dry cleaning not possible Dry cleaning not possible; Drying in dryer not possible Drying in dryer not possible; do not iron hot do not iron hot,0,0,0,0,0,0,0,0,1
,AADO T-SHIRT MADE OF ORGANIC COTTON,dark pine,https://www.armedangels.com/media/1048x1510x90/0c/4e/57/1623291737/aado-dark-pine-08.jpg,29.33,33.44,100% Cotton (organic),men,Armed Angels,30бу normal wash; Do not bleach; Dry cleaning not possible Dry cleaning not possible; Drying in dryer not possible Drying in dryer not possible; do not iron hot do not iron hot,0,0,0,0,0,0,0,0,1
,AADO T-SHIRT MADE OF ORGANIC COTTON,frosted mud,https://www.armedangels.com/media/1234x1778x90/64/25/c7/1631521631/aado-frosted-mud.jpg,29.33,33.44,100% Cotton (organic),men,Armed Angels,30бу normal wash; Do not bleach; Dry cleaning not possible Dry cleaning not possible; Drying in dryer not possible Drying in dryer not possible; do not iron hot do not iron hot,0,0,0,0,0,0,0,0,1
,AADO ALPINE T-SHIRT MADE OF ORGANIC COTTON,acid black,https://www.armedangels.com/media/1234x1778x90/4d/a9/52/1640145848/aado-alpine-acid-black.jpg,20.92,23.85,100% Cotton (organic),men,Armed Angels,30бу normal wash; Do not bleach; Dry cleaning not possible Dry cleaning not possible; Drying in dryer not possible Drying in dryer not possible; do not iron hot do not iron hot,0,0,0,0,0,0,0,0,1
,JOHAAN FLAAME AAA LONGSLEEVE MADE OF ORGANIC COTTON,black,https://www.armedangels.com/media/1234x1778x90/49/99/f1/1628655038/johaan-flaame-aaa-black-02.jpg,25.13,28.65,100% Cotton (organic),men,Armed Angels,30бу normal wash; Do not bleach; Dry cleaning not possible Dry cleaning not possible; Drying in dryer not possible Drying in dryer not possible; do not iron hot do not iron hot,0,0,0,0,0,0,0,0,1
,JAAMES MOUNTAIN LINES T-SHIRT MADE OF ORGANIC COTTON,depth navy,https://www.armedangels.com/media/1234x1851x90/b7/66/26/1624280038/jaames-mountain-lines-depth-navy.jpg,20.92,23.85,100% Cotton (organic),men,Armed Angels,30бу normal wash; Do not bleach; Dry cleaning not possible Dry cleaning not possible; Drying in dryer not possible Drying in dryer not possible; do not iron hot do not iron hot,0,0,0,0,0,0,0,0,1
,JAAMES RETRO T-SHIRT MADE OF ORGANIC COTTON,graphite,https://www.armedangels.com/media/1048x1510x90/c5/25/16/1644031585/jaames-retro-graphite-08.jpg,25.13,28.65,100% Cotton (organic),men,Armed Angels,30бу normal wash; Do not bleach; Dry cleaning not possible Dry cleaning not possible; Drying in dryer not possible Drying in dryer not possible; do not iron hot do not iron hot,0,0,0,0,0,0,0,0,1
,JAAMES RETRO T-SHIRT MADE OF ORGANIC COTTON,cloudbusting,https://www.armedangels.com/media/1048x1510x90/0b/83/70/1644031585/jaames-retro-cloudbusting-08.jpg,25.13,28.65,100% Cotton (organic),men,Armed Angels,30бу normal wash; Do not bleach; Dry cleaning not possible Dry cleaning not possible; Drying in dryer not possible Drying in dryer not possible; do not iron hot do not iron hot,0,0,0,0,0,0,0,0,1
,JAAMES RETRO T-SHIRT MADE OF ORGANIC COTTON,undyed,https://www.armedangels.com/media/1048x1510x90/31/7e/9b/1644031584/jaames-retro-undyed-08.jpg,25.13,28.65,100% Cotton (organic),men,Armed Angels,30бу normal wash; Do not bleach; Dry cleaning not possible Dry cleaning not possible; Drying in dryer not possible Drying in dryer not possible; do not iron hot do not iron hot,0,0,0,0,0,0,0,0,1
,JAAMES TAPE T-SHIRT MADE OF ORGANIC COTTON,white,https://www.armedangels.com/media/1234x1778x90/9f/43/1c/1629254568/jaames-tape-white.jpg,16.72,19.06,100% Cotton (organic),men,Armed Angels,30бу normal wash; Do not bleach; Dry cleaning not possible Dry cleaning not possible; Drying in dryer not possible Drying in dryer not possible; do not iron hot do not iron hot,0,0,0,0,0,0,0,0,1
,JAAMES BIKE PARTS T-SHIRT MADE OF ORGANIC COTTON,winter light,https://www.armedangels.com/media/1234x1778x90/93/be/36/1631522585/jaames-bike-parts-winter-light.jpg,29.33,33.44,100% Cotton (organic),men,Armed Angels,30бу normal wash; Do not bleach; Dry cleaning not possible Dry cleaning not possible; Drying in dryer not possible Drying in dryer not possible; do not iron hot do not iron hot,0,0,0,0,0,0,0,0,1
,JAAMES WALKMAN T-SHIRT MADE OF ORGANIC COTTON,acid black,https://www.armedangels.com/media/1234x1778x90/a8/a6/85/1630983719/jaames-walkman-acid-black.jpg,20.92,23.85,100% Cotton (organic),men,Armed Angels,30бу normal wash; Do not bleach; Dry cleaning not possible Dry cleaning not possible; Drying in dryer not possible Drying in dryer not possible; do not iron hot do not iron hot,0,0,0,0,0,0,0,0,1
,MAARK STRUCTURE LONGSLEEVE MADE OF ORGANIC COTTON,dark pine-luna rock,https://www.armedangels.com/media/1234x1778x90/d3/00/e4/1633326179/maark-structure-dark-pine-luna01-rock.jpg,29.33,33.44,100% Cotton (organic),men,Armed Angels,30бу normal wash; Do not bleach; Dry cleaning not possible Dry cleaning not possible; Drying in dryer not possible Drying in dryer not possible; do not iron hot do not iron hot,0,0,0,0,0,0,0,0,1
,JOHAAN SOFT BRUSHED LONGSLEEVE MADE OF ORGANIC COTTON,acid black,https://www.armedangels.com/media/1234x1778x90/f4/2c/c7/1633329657/johaan-soft-brushed-acid-black.jpg,37.73,43.01,100% Cotton (organic),men,Armed Angels,30бу normal wash; Do not bleach; Dry cleaning not possible Dry cleaning not possible; Drying in dryer not possible Drying in dryer not possible; do not iron hot do not iron hot,0,0,0,0,0,0,0,0,1
,AADO AACT T-SHIRT MADE OF ORGANIC COTTON,black,https://www.armedangels.com/media/1234x1778x90/9d/18/8f/1628654916/aado-aact-black.jpg,20.92,23.85,100% Cotton (organic),men,Armed Angels,30бу normal wash; Do not bleach; Dry cleaning not possible Dry cleaning not possible; Drying in dryer not possible Drying in dryer not possible; do not iron hot do not iron hot,0,0,0,0,0,0,0,0,1
,AADO BAATIK T-SHIRT MADE OF ORGANIC COTTON,indigo washed,https://www.armedangels.com/media/1234x1778x90/f1/a9/d3/1625282998/aado-baatik-indigo-washed.jpg,29.33,33.44,100% Cotton (organic),women,Armed Angels,30бу normal wash; Do not bleach; Dry cleaning not possible Dry cleaning not possible; Drying in dryer not possible Drying in dryer not possible; do not iron hot do not iron hot,0,0,0,0,0,0,0,0,1
,NAANTE LONGSLEEVE MADE OF ORGANIC COTTON,white,https://www.armedangels.com/media/1234x1778x90/68/b9/19/1644636350/naante-white.jpg,,0.00,100% Cotton (organic),women,Armed Angels,30бу normal wash; Do not bleach; Dry cleaning not possible Dry cleaning not possible; Drying in dryer not possible Drying in dryer not possible; do not iron hot do not iron hot,0,0,0,0,0,0,0,0,1
,,,,,,,,,,,,,,,,,,
,,,,,,,,,,,,,,,,,,
,,,,,,,,,,,,,,,,,,
,,,,,,,,,,,,,,,,,,
,,,,,,,,,,,,,,,,,,
,,,,,,,,,,,,,,,,,,
,,,,,,,,,,,,,,,,,,
,,,,,,,,,,,,,,,,,,
,,,,,,,,,,,,,,,,,,
,,,,,,,,,,,,,,,,,,
,,,,,,,,,,,,,,,,,,
,,,,,,,,,,,,,,,,,,
,,,,,,,,,,,,,,,,,,
,,,,,,,,,,,,,,,,,,
,,,,,,,,,,,,,,,,,,
,,,,,,,,,,,,,,,,,,
,,,,,,,,,,,,,,,,,,
,,,,,,,,,,,,,,,,,,
,,,,,,,,,,,,,,,,,,
,,,,,,,,,,,,,,,,,,
,,,,,,,,,,,,,,,,,,
,,,,,,,,,,,,,,,,,,
,,,,,,,,,,,,,,,,,,
,,,,,,,,,,,,,,,,,,
,,,,,,,,,,,,,,,,,,
